hyperedge_id,type,size,normal_count,abnormal_count,normal_ratio,abnormal_ratio,majority_label,majority_count,purity,entropy,is_bridge,vertices
HE_000000,knn,11,5,6,0.454545,0.545455,1,6,0.545455,0.994030,True,No13.jpg|no1064.jpg|no1296.jpg|no1493.jpg|no796.jpg|y1015.jpg|y1049.jpg|y1147.jpg|y1148.jpg|y1207.jpg|y920.jpg
HE_000001,knn,11,9,2,0.818182,0.181818,0,9,0.818182,0.684038,False,No15.jpg|no1042.jpg|no1221.jpg|no294.jpg|no42.jpg|no421.jpg|no533.jpg|no733.jpg|no797.jpg|y1462.jpg|y743.jpg
HE_000002,knn,11,10,1,0.909091,0.090909,0,10,0.909091,0.439497,False,No19.jpg|no1092.jpg|no1094.jpg|no1130.jpg|no1331.jpg|no1346.jpg|no538.jpg|no631.jpg|no758.jpg|no948.jpg|y888.jpg
HE_000003,knn,11,10,1,0.909091,0.090909,0,10,0.909091,0.439497,False,no1005.jpg|no102.jpg|no1044.jpg|no1224.jpg|no1315.jpg|no361.jpg|no508.jpg|no68.jpg|no824.jpg|no938.jpg|y1381.jpg
HE_000004,knn,11,7,4,0.636364,0.363636,0,7,0.636364,0.945660,True,no1011.jpg|no1253.jpg|no448.jpg|no719.jpg|no742.jpg|no786.jpg|no850.jpg|y136.jpg|y1496.jpg|y77.jpg|y794.jpg
HE_000005,knn,11,11,0,1.000000,0.000000,0,11,1.000000,0.000000,False,no1023.jpg|no1200.jpg|no1322.jpg|no1443.jpg|no157.jpg|no236.jpg|no29.jpg|no33.jpg|no411.jpg|no47.jpg|no952.jpg
HE_000006,knn,11,3,8,0.272727,0.727273,1,8,0.727273,0.845351,False,no1025.jpg|no547.jpg|no713.jpg|y1197.jpg|y1461.jpg|y318.jpg|y54.jpg|y649.jpg|y698.jpg|y780.jpg|y915.jpg
HE_000007,knn,11,9,2,0.818182,0.181818,0,9,0.818182,0.684038,False,no1029.jpg|no1274.jpg|no1454.jpg|no507.jpg|no538.jpg|no758.jpg|no759.jpg|no948.jpg|no949.jpg|y214.jpg|y871.jpg
HE_000008,knn,11,9,2,0.818182,0.181818,0,9,0.818182,0.684038,False,no1034.jpg|no1269.jpg|no1321.jpg|no247.jpg|no444.jpg|no50.jpg|no521.jpg|no62.jpg|no765.jpg|y1389.jpg|y756.jpg
HE_000009,knn,11,7,4,0.636364,0.363636,0,7,0.636364,0.945660,True,no1037.jpg|no1241.jpg|no280.jpg|no719.jpg|no728.jpg|no955.jpg|no995.jpg|y1293.jpg|y1468.jpg|y744.jpg|y868.jpg
HE_000010,knn,11,6,5,0.545455,0.454545,0,6,0.545455,0.994030,True,no1040.jpg|no1418.jpg|no404.jpg|no497.jpg|no552.jpg|no959.jpg|y1244.jpg|y734.jpg|y881.jpg|y889.jpg|y926.jpg
HE_000011,knn,11,9,2,0.818182,0.181818,0,9,0.818182,0.684038,False,No15.jpg|no1042.jpg|no1221.jpg|no328.jpg|no42.jpg|no421.jpg|no533.jpg|no733.jpg|no797.jpg|y1462.jpg|y743.jpg
HE_000012,knn,11,7,4,0.636364,0.363636,0,7,0.636364,0.945660,True,no1043.jpg|no296.jpg|no329.jpg|no392.jpg|no494.jpg|no776.jpg|no82.jpg|y1153.jpg|y730.jpg|y731.jpg|y876.jpg
HE_000013,knn,11,5,6,0.454545,0.545455,1,6,0.545455,0.994030,True,No13.jpg|no1064.jpg|no1296.jpg|no1493.jpg|no796.jpg|y1015.jpg|y1049.jpg|y1148.jpg|y1207.jpg|y124.jpg|y920.jpg
HE_000014,knn,11,6,5,0.545455,0.454545,0,6,0.545455,0.994030,True,no1067.jpg|no1268.jpg|no164.jpg|no44.jpg|no563.jpg|no564.jpg|y1299.jpg|y132.jpg|y728.jpg|y779.jpg|y877.jpg
HE_000015,knn,11,10,1,0.909091,0.090909,0,10,0.909091,0.439497,False,no1084.jpg|no1091.jpg|no1119.jpg|no1329.jpg|no143.jpg|no640.jpg|no645.jpg|no877.jpg|no904.jpg|no932.jpg|y960.jpg
HE_000016,knn,11,10,1,0.909091,0.090909,0,10,0.909091,0.439497,False,no1091.jpg|no1263.jpg|no1329.jpg|no162.jpg|no394.jpg|no645.jpg|no821.jpg|no877.jpg|no904.jpg|no932.jpg|y960.jpg
HE_000017,knn,11,10,1,0.909091,0.090909,0,10,0.909091,0.439497,False,No19.jpg|no1092.jpg|no1094.jpg|no1130.jpg|no1274.jpg|no1331.jpg|no1346.jpg|no507.jpg|no538.jpg|no631.jpg|y888.jpg
HE_000018,knn,11,11,0,1.000000,0.000000,0,11,1.000000,0.000000,False,No19.jpg|no1092.jpg|no1094.jpg|no1130.jpg|no1274.jpg|no1321.jpg|no1331.jpg|no1346.jpg|no507.jpg|no538.jpg|no631.jpg
HE_000019,knn,11,7,4,0.636364,0.363636,0,7,0.636364,0.945660,True,no1116.jpg|no1161.jpg|no1429.jpg|no218.jpg|no256.jpg|no259.jpg|no910.jpg|y64.jpg|y678.jpg|y685.jpg|y810.jpg
HE_000020,knn,11,9,2,0.818182,0.181818,0,9,0.818182,0.684038,False,no1084.jpg|no1091.jpg|no1119.jpg|no1329.jpg|no645.jpg|no821.jpg|no877.jpg|no904.jpg|no932.jpg|y109.jpg|y960.jpg
HE_000021,knn,11,9,2,0.818182,0.181818,0,9,0.818182,0.684038,False,no1126.jpg|no1226.jpg|no125.jpg|no1448.jpg|no493.jpg|no554.jpg|no588.jpg|no890.jpg|no899.jpg|y1368.jpg|y1484.jpg
HE_000022,knn,11,5,6,0.454545,0.545455,1,6,0.545455,0.994030,True,no1132.jpg|no198.jpg|no243.jpg|no599.jpg|no894.jpg|y1030.jpg|y1081.jpg|y1126.jpg|y1222.jpg|y309.jpg|y402.jpg
HE_000023,knn,11,2,9,0.181818,0.818182,1,9,0.818182,0.684038,False,no1147.jpg|no696.jpg|y1182.jpg|y1359.jpg|y255.jpg|y334.jpg|y377.jpg|y527.jpg|y604.jpg|y71.jpg|y711.jpg
HE_000024,knn,11,7,4,0.636364,0.363636,0,7,0.636364,0.945660,True,no1116.jpg|no1161.jpg|no1429.jpg|no218.jpg|no256.jpg|no259.jpg|no910.jpg|y513.jpg|y64.jpg|y685.jpg|y810.jpg
HE_000025,knn,11,9,2,0.818182,0.181818,0,9,0.818182,0.684038,False,no1164.jpg|no1178.jpg|no1372.jpg|no1429.jpg|no1432.jpg|no256.jpg|no259.jpg|no626.jpg|no910.jpg|y255.jpg|y334.jpg
HE_000026,knn,11,9,2,0.818182,0.181818,0,9,0.818182,0.684038,False,no1084.jpg|no1091.jpg|no1119.jpg|no1165.jpg|no143.jpg|no257.jpg|no640.jpg|no645.jpg|no877.jpg|y440.jpg|y960.jpg
HE_000027,knn,11,6,5,0.545455,0.454545,0,6,0.545455,0.994030,True,no1167.jpg|no1367.jpg|no220.jpg|no396.jpg|no590.jpg|no97.jpg|y1078.jpg|y1178.jpg|y440.jpg|y6.jpg|y992.jpg
HE_000028,knn,11,9,2,0.818182,0.181818,0,9,0.818182,0.684038,False,no1168.jpg|no119.jpg|no33.jpg|no431.jpg|no65.jpg|no816.jpg|no817.jpg|no9.jpg|no933.jpg|y1366.jpg|y741.jpg
HE_000029,knn,11,8,3,0.727273,0.272727,0,8,0.727273,0.845351,False,no1164.jpg|no1178.jpg|no1372.jpg|no1432.jpg|no256.jpg|no259.jpg|no626.jpg|no910.jpg|y255.jpg|y334.jpg|y711.jpg
HE_000030,knn,11,7,4,0.636364,0.363636,0,7,0.636364,0.945660,True,no1179.jpg|no353.jpg|no391.jpg|no432.jpg|no740.jpg|no856.jpg|no87.jpg|y1266.jpg|y1351.jpg|y1468.jpg|y758.jpg
HE_000031,knn,11,10,1,0.909091,0.090909,0,10,0.909091,0.439497,False,no1091.jpg|no1186.jpg|no1263.jpg|no162.jpg|no394.jpg|no645.jpg|no708.jpg|no877.jpg|no904.jpg|no976.jpg|y960.jpg
HE_000032,knn,11,9,2,0.818182,0.181818,0,9,0.818182,0.684038,False,no119.jpg|no1242.jpg|no156.jpg|no159.jpg|no340.jpg|no411.jpg|no487.jpg|no84.jpg|no933.jpg|y1366.jpg|y741.jpg
HE_000033,knn,11,3,8,0.272727,0.727273,1,8,0.727273,0.845351,False,no120.jpg|no766.jpg|no87.jpg|y100.jpg|y1111.jpg|y1242.jpg|y1293.jpg|y1447.jpg|y1468.jpg|y942.jpg|y979.jpg
HE_000034,knn,11,6,5,0.545455,0.454545,0,6,0.545455,0.994030,True,no1211.jpg|no141.jpg|no298.jpg|no308.jpg|no331.jpg|no734.jpg|y1112.jpg|y56.jpg|y811.jpg|y942.jpg|y979.jpg
HE_000035,knn,11,8,3,0.727273,0.272727,0,8,0.727273,0.845351,False,no122.jpg|no140.jpg|no154.jpg|no29.jpg|no296.jpg|no329.jpg|no494.jpg|no66.jpg|y1016.jpg|y1109.jpg|y1153.jpg
HE_000036,knn,11,9,2,0.818182,0.181818,0,9,0.818182,0.684038,False,No15.jpg|no1042.jpg|no1221.jpg|no42.jpg|no421.jpg|no533.jpg|no534.jpg|no733.jpg|no797.jpg|y1462.jpg|y743.jpg
HE_000037,knn,11,8,3,0.727273,0.272727,0,8,0.727273,0.845351,False,no1126.jpg|no1226.jpg|no125.jpg|no1448.jpg|no493.jpg|no588.jpg|no890.jpg|no899.jpg|y1345.jpg|y1368.jpg|y748.jpg
HE_000038,knn,11,3,8,0.272727,0.727273,1,8,0.727273,0.845351,False,no1229.jpg|no437.jpg|no498.jpg|y1032.jpg|y1128.jpg|y1279.jpg|y298.jpg|y353.jpg|y541.jpg|y655.jpg|y949.jpg
HE_000039,knn,11,2,9,0.181818,0.818182,1,9,0.818182,0.684038,False,no1234.jpg|no1378.jpg|y1136.jpg|y1150.jpg|y1237.jpg|y299.jpg|y385.jpg|y422.jpg|y545.jpg|y662.jpg|y957.jpg
HE_000040,knn,11,6,5,0.545455,0.454545,0,6,0.545455,0.994030,True,no1236.jpg|no1354.jpg|no442.jpg|no507.jpg|no756.jpg|no949.jpg|y1020.jpg|y1212.jpg|y214.jpg|y76.jpg|y935.jpg
HE_000041,knn,11,10,1,0.909091,0.090909,0,10,0.909091,0.439497,False,no1242.jpg|no1443.jpg|no154.jpg|no156.jpg|no159.jpg|no340.jpg|no411.jpg|no487.jpg|no84.jpg|no933.jpg|y1366.jpg
HE_000042,knn,11,7,4,0.636364,0.363636,0,7,0.636364,0.945660,True,no1011.jpg|no1253.jpg|no151.jpg|no26.jpg|no448.jpg|no742.jpg|no786.jpg|y136.jpg|y1496.jpg|y77.jpg|y794.jpg
HE_000043,knn,11,7,4,0.636364,0.363636,0,7,0.636364,0.945660,True,No19.jpg|no1257.jpg|no1276.jpg|no30.jpg|no410.jpg|no52.jpg|no7.jpg|y1027.jpg|y752.jpg|y871.jpg|y888.jpg
HE_000044,knn,11,11,0,1.000000,0.000000,0,11,1.000000,0.000000,False,no1259.jpg|no1466.jpg|no157.jpg|no33.jpg|no450.jpg|no567.jpg|no65.jpg|no803.jpg|no816.jpg|no817.jpg|no9.jpg
HE_000045,knn,11,11,0,1.000000,0.000000,0,11,1.000000,0.000000,False,no126.jpg|no1278.jpg|no1382.jpg|no1423.jpg|no197.jpg|no220.jpg|no290.jpg|no305.jpg|no359.jpg|no396.jpg|no78.jpg
HE_000046,knn,11,8,3,0.727273,0.272727,0,8,0.727273,0.845351,False,no1262.jpg|no1294.jpg|no1311.jpg|no1354.jpg|no1374.jpg|no587.jpg|no794.jpg|no820.jpg|y1081.jpg|y1228.jpg|y761.jpg
HE_000047,knn,11,10,1,0.909091,0.090909,0,10,0.909091,0.439497,False,no1091.jpg|no1263.jpg|no1329.jpg|no1418.jpg|no162.jpg|no394.jpg|no464.jpg|no821.jpg|no904.jpg|no932.jpg|y754.jpg
HE_000048,knn,11,6,5,0.545455,0.454545,0,6,0.545455,0.994030,True,no1067.jpg|no1268.jpg|no164.jpg|no390.jpg|no44.jpg|no564.jpg|y132.jpg|y1495.jpg|y750.jpg|y779.jpg|y877.jpg
HE_000049,knn,11,9,2,0.818182,0.181818,0,9,0.818182,0.684038,False,no1269.jpg|no1274.jpg|no1321.jpg|no442.jpg|no444.jpg|no507.jpg|no62.jpg|no756.jpg|no854.jpg|y1307.jpg|y756.jpg
HE_000050,knn,11,9,2,0.818182,0.181818,0,9,0.818182,0.684038,False,no1092.jpg|no1130.jpg|no1274.jpg|no1321.jpg|no1331.jpg|no442.jpg|no507.jpg|no758.jpg|no854.jpg|y1307.jpg|y76.jpg
HE_000051,knn,11,10,1,0.909091,0.090909,0,10,0.909091,0.439497,False,no1092.jpg|no1257.jpg|no1276.jpg|no1331.jpg|no30.jpg|no410.jpg|no52.jpg|no7.jpg|no805.jpg|no854.jpg|y1307.jpg
HE_000052,knn,11,8,3,0.727273,0.272727,0,8,0.727273,0.845351,False,no126.jpg|no1278.jpg|no1382.jpg|no1423.jpg|no197.jpg|no220.jpg|no359.jpg|no373.jpg|y169.jpg|y645.jpg|y992.jpg
HE_000053,knn,11,10,1,0.909091,0.090909,0,10,0.909091,0.439497,False,no102.jpg|no1044.jpg|no1224.jpg|no1315.jpg|no163.jpg|no361.jpg|no508.jpg|no68.jpg|no824.jpg|no938.jpg|y758.jpg
HE_000054,knn,11,9,2,0.818182,0.181818,0,9,0.818182,0.684038,False,no1094.jpg|no1130.jpg|no1269.jpg|no1274.jpg|no1321.jpg|no442.jpg|no507.jpg|no62.jpg|no854.jpg|y1307.jpg|y756.jpg
HE_000055,knn,11,11,0,1.000000,0.000000,0,11,1.000000,0.000000,False,no1023.jpg|no1200.jpg|no1322.jpg|no157.jpg|no236.jpg|no29.jpg|no33.jpg|no47.jpg|no567.jpg|no803.jpg|no952.jpg
HE_000056,knn,11,8,3,0.727273,0.272727,0,8,0.727273,0.845351,False,no1328.jpg|no1499.jpg|no361.jpg|no392.jpg|no402.jpg|no68.jpg|no82.jpg|no858.jpg|y1381.jpg|y731.jpg|y876.jpg
HE_000057,knn,11,9,2,0.818182,0.181818,0,9,0.818182,0.684038,False,no1263.jpg|no1329.jpg|no1418.jpg|no162.jpg|no394.jpg|no645.jpg|no877.jpg|no904.jpg|no932.jpg|y109.jpg|y754.jpg
HE_000058,knn,11,4,7,0.363636,0.636364,1,7,0.636364,0.945660,True,no1335.jpg|no1349.jpg|no627.jpg|no651.jpg|y149.jpg|y213.jpg|y291.jpg|y297.jpg|y349.jpg|y517.jpg|y564.jpg
HE_000059,knn,11,5,6,0.454545,0.545455,1,6,0.545455,0.994030,True,no1262.jpg|no1294.jpg|no1354.jpg|no1374.jpg|no587.jpg|y1081.jpg|y1228.jpg|y1315.jpg|y309.jpg|y59.jpg|y761.jpg
HE_000060,knn,11,6,5,0.545455,0.454545,0,6,0.545455,0.994030,True,no1167.jpg|no1367.jpg|no220.jpg|no396.jpg|no590.jpg|no97.jpg|y1078.jpg|y1178.jpg|y46.jpg|y6.jpg|y992.jpg
HE_000061,knn,11,6,5,0.545455,0.454545,0,6,0.545455,0.994030,True,no1262.jpg|no1294.jpg|no1311.jpg|no1354.jpg|no1374.jpg|no587.jpg|y1081.jpg|y1228.jpg|y1315.jpg|y59.jpg|y761.jpg
HE_000062,knn,11,2,9,0.181818,0.818182,1,9,0.818182,0.684038,False,no1234.jpg|no1378.jpg|y1136.jpg|y1150.jpg|y1232.jpg|y1237.jpg|y299.jpg|y385.jpg|y545.jpg|y909.jpg|y957.jpg
HE_000063,knn,11,9,2,0.818182,0.181818,0,9,0.818182,0.684038,False,no1278.jpg|no1382.jpg|no1423.jpg|no220.jpg|no257.jpg|no290.jpg|no359.jpg|no373.jpg|no78.jpg|y169.jpg|y645.jpg
HE_000064,knn,11,3,8,0.272727,0.727273,1,8,0.727273,0.845351,False,no1384.jpg|no638.jpg|no906.jpg|y181.jpg|y243.jpg|y391.jpg|y403.jpg|y446.jpg|y524.jpg|y599.jpg|y686.jpg
HE_000065,knn,11,8,3,0.727273,0.272727,0,8,0.727273,0.845351,False,no122.jpg|no1242.jpg|no140.jpg|no154.jpg|no156.jpg|no248.jpg|no325.jpg|no66.jpg|y1016.jpg|y1109.jpg|y1245.jpg
HE_000066,knn,11,7,4,0.636364,0.363636,0,7,0.636364,0.945660,True,no140.jpg|no1402.jpg|no1437.jpg|no248.jpg|no325.jpg|no701.jpg|no920.jpg|y1016.jpg|y1109.jpg|y242.jpg|y730.jpg
HE_000067,knn,11,7,4,0.636364,0.363636,0,7,0.636364,0.945660,True,no120.jpg|no141.jpg|no298.jpg|no308.jpg|no331.jpg|no353.jpg|no87.jpg|y1111.jpg|y242.jpg|y56.jpg|y811.jpg
HE_000068,knn,11,9,2,0.818182,0.181818,0,9,0.818182,0.684038,False,no1263.jpg|no1329.jpg|no1418.jpg|no1491.jpg|no394.jpg|no464.jpg|no821.jpg|no904.jpg|no932.jpg|y109.jpg|y754.jpg
HE_000069,knn,11,9,2,0.818182,0.181818,0,9,0.818182,0.684038,False,no1278.jpg|no1382.jpg|no1423.jpg|no197.jpg|no220.jpg|no257.jpg|no359.jpg|no373.jpg|no801.jpg|y169.jpg|y645.jpg
HE_000070,knn,11,8,3,0.727273,0.272727,0,8,0.727273,0.845351,False,no1116.jpg|no1161.jpg|no1429.jpg|no1432.jpg|no218.jpg|no256.jpg|no259.jpg|no910.jpg|y513.jpg|y64.jpg|y810.jpg
HE_000071,knn,11,8,3,0.727273,0.272727,0,8,0.727273,0.845351,False,no1091.jpg|no1329.jpg|no143.jpg|no162.jpg|no257.jpg|no645.jpg|no877.jpg|no932.jpg|y1346.jpg|y777.jpg|y982.jpg
HE_000072,knn,11,8,3,0.727273,0.272727,0,8,0.727273,0.845351,False,no1164.jpg|no1372.jpg|no1429.jpg|no1432.jpg|no256.jpg|no259.jpg|no626.jpg|no910.jpg|y403.jpg|y513.jpg|y524.jpg
HE_000073,knn,11,2,9,0.181818,0.818182,1,9,0.818182,0.684038,False,no1435.jpg|no595.jpg|y1104.jpg|y1274.jpg|y195.jpg|y261.jpg|y390.jpg|y4.jpg|y422.jpg|y534.jpg|y584.jpg
HE_000074,knn,11,6,5,0.545455,0.454545,0,6,0.545455,0.994030,True,no1437.jpg|no248.jpg|no329.jpg|no494.jpg|no701.jpg|no920.jpg|y1016.jpg|y1109.jpg|y1153.jpg|y242.jpg|y730.jpg
HE_000075,knn,11,5,6,0.454545,0.545455,1,6,0.545455,0.994030,True,no1441.jpg|no208.jpg|no272.jpg|no627.jpg|no896.jpg|y106.jpg|y349.jpg|y635.jpg|y658.jpg|y726.jpg|y853.jpg
HE_000076,knn,11,10,1,0.909091,0.090909,0,10,0.909091,0.439497,False,no1023.jpg|no1200.jpg|no1443.jpg|no236.jpg|no29.jpg|no33.jpg|no411.jpg|no47.jpg|no933.jpg|no952.jpg|y1366.jpg
HE_000077,knn,11,4,7,0.363636,0.636364,1,7,0.636364,0.945660,True,no1446.jpg|no554.jpg|no748.jpg|no899.jpg|y110.jpg|y130.jpg|y1337.jpg|y1345.jpg|y1484.jpg|y748.jpg|y777.jpg
HE_000078,knn,11,8,3,0.727273,0.272727,0,8,0.727273,0.845351,False,no1029.jpg|no1274.jpg|no1454.jpg|no507.jpg|no758.jpg|no759.jpg|no948.jpg|no949.jpg|y66.jpg|y752.jpg|y871.jpg
HE_000079,knn,11,8,3,0.727273,0.272727,0,8,0.727273,0.845351,False,no1263.jpg|no1418.jpg|no1491.jpg|no394.jpg|no464.jpg|no821.jpg|no885.jpg|no904.jpg|y109.jpg|y734.jpg|y994.jpg
HE_000080,knn,11,7,4,0.636364,0.363636,0,7,0.636364,0.945660,True,No13.jpg|no1064.jpg|no1296.jpg|no1493.jpg|no796.jpg|no876.jpg|no999.jpg|y1010.jpg|y1015.jpg|y1148.jpg|y920.jpg
HE_000081,knn,11,8,3,0.727273,0.272727,0,8,0.727273,0.845351,False,no1043.jpg|no1328.jpg|no1499.jpg|no392.jpg|no402.jpg|no776.jpg|no82.jpg|no858.jpg|y1381.jpg|y731.jpg|y876.jpg
HE_000082,knn,11,3,8,0.272727,0.727273,1,8,0.727273,0.845351,False,no151.jpg|no448.jpg|no497.jpg|y102.jpg|y110.jpg|y136.jpg|y1496.jpg|y747.jpg|y77.jpg|y881.jpg|y982.jpg
HE_000083,knn,11,11,0,1.000000,0.000000,0,11,1.000000,0.000000,False,no122.jpg|no1242.jpg|no1443.jpg|no154.jpg|no156.jpg|no29.jpg|no411.jpg|no47.jpg|no66.jpg|no84.jpg|no933.jpg
HE_000084,knn,11,10,1,0.909091,0.090909,0,10,0.909091,0.439497,False,no1242.jpg|no1443.jpg|no154.jpg|no156.jpg|no159.jpg|no340.jpg|no411.jpg|no47.jpg|no84.jpg|no933.jpg|y1366.jpg
HE_000085,knn,11,11,0,1.000000,0.000000,0,11,1.000000,0.000000,False,no1023.jpg|no1200.jpg|no1322.jpg|no157.jpg|no236.jpg|no29.jpg|no33.jpg|no567.jpg|no803.jpg|no817.jpg|no952.jpg
HE_000086,knn,11,10,1,0.909091,0.090909,0,10,0.909091,0.439497,False,no119.jpg|no1242.jpg|no1443.jpg|no156.jpg|no159.jpg|no340.jpg|no411.jpg|no487.jpg|no84.jpg|no933.jpg|y1366.jpg
HE_000087,knn,11,11,0,1.000000,0.000000,0,11,1.000000,0.000000,False,no1091.jpg|no1263.jpg|no1329.jpg|no1418.jpg|no143.jpg|no162.jpg|no394.jpg|no645.jpg|no877.jpg|no904.jpg|no932.jpg
HE_000088,knn,11,10,1,0.909091,0.090909,0,10,0.909091,0.439497,False,no1315.jpg|no163.jpg|no361.jpg|no391.jpg|no432.jpg|no508.jpg|no68.jpg|no740.jpg|no824.jpg|no856.jpg|y758.jpg
HE_000089,knn,11,6,5,0.545455,0.454545,0,6,0.545455,0.994030,True,no1067.jpg|no1268.jpg|no164.jpg|no390.jpg|no44.jpg|no563.jpg|y1299.jpg|y132.jpg|y1495.jpg|y728.jpg|y877.jpg
HE_000090,knn,11,6,5,0.545455,0.454545,0,6,0.545455,0.994030,True,no183.jpg|no226.jpg|no240.jpg|no249.jpg|no251.jpg|no265.jpg|y36.jpg|y390.jpg|y460.jpg|y521.jpg|y535.jpg
HE_000091,knn,11,4,7,0.363636,0.636364,1,7,0.636364,0.945660,True,no188.jpg|no195.jpg|no723.jpg|no779.jpg|y1271.jpg|y17.jpg|y218.jpg|y38.jpg|y380.jpg|y426.jpg|y607.jpg
HE_000092,knn,11,9,2,0.818182,0.181818,0,9,0.818182,0.684038,False,no188.jpg|no195.jpg|no197.jpg|no305.jpg|no308.jpg|no396.jpg|no701.jpg|no723.jpg|no779.jpg|y1271.jpg|y380.jpg
HE_000093,knn,11,9,2,0.818182,0.181818,0,9,0.818182,0.684038,False,no126.jpg|no1278.jpg|no1423.jpg|no197.jpg|no220.jpg|no290.jpg|no359.jpg|no396.jpg|no723.jpg|y1178.jpg|y169.jpg
HE_000094,knn,11,5,6,0.454545,0.545455,1,6,0.545455,0.994030,True,no1132.jpg|no198.jpg|no243.jpg|no599.jpg|no894.jpg|y1081.jpg|y1315.jpg|y299.jpg|y402.jpg|y468.jpg|y761.jpg
HE_000095,knn,11,3,8,0.272727,0.727273,1,8,0.727273,0.845351,False,no1441.jpg|no208.jpg|no272.jpg|y106.jpg|y385.jpg|y517.jpg|y616.jpg|y635.jpg|y658.jpg|y726.jpg|y853.jpg
HE_000096,knn,11,5,6,0.454545,0.545455,1,6,0.545455,0.994030,True,no211.jpg|no365.jpg|no544.jpg|no622.jpg|no876.jpg|y1015.jpg|y1069.jpg|y1435.jpg|y216.jpg|y298.jpg|y909.jpg
HE_000097,knn,11,4,7,0.363636,0.636364,1,7,0.636364,0.945660,True,no213.jpg|no479.jpg|no672.jpg|no950.jpg|y1087.jpg|y1213.jpg|y125.jpg|y65.jpg|y706.jpg|y867.jpg|y913.jpg
HE_000098,knn,11,6,5,0.545455,0.454545,0,6,0.545455,0.994030,True,no1116.jpg|no1161.jpg|no1429.jpg|no218.jpg|no267.jpg|no910.jpg|y154.jpg|y230.jpg|y297.jpg|y678.jpg|y810.jpg
HE_000099,knn,11,6,5,0.545455,0.454545,0,6,0.545455,0.994030,True,no1382.jpg|no1423.jpg|no220.jpg|no290.jpg|no801.jpg|no97.jpg|y1178.jpg|y440.jpg|y502.jpg|y645.jpg|y992.jpg
HE_000100,knn,11,8,3,0.727273,0.272727,0,8,0.727273,0.845351,False,no183.jpg|no226.jpg|no240.jpg|no249.jpg|no251.jpg|no675.jpg|no906.jpg|no925.jpg|y460.jpg|y521.jpg|y535.jpg
HE_000101,knn,11,3,8,0.272727,0.727273,1,8,0.727273,0.845351,False,no1435.jpg|no233.jpg|no97.jpg|y1078.jpg|y16.jpg|y195.jpg|y218.jpg|y38.jpg|y4.jpg|y570.jpg|y6.jpg
HE_000102,knn,11,7,4,0.636364,0.363636,0,7,0.636364,0.945660,True,no183.jpg|no226.jpg|no240.jpg|no249.jpg|no251.jpg|no675.jpg|no925.jpg|y36.jpg|y490.jpg|y521.jpg|y535.jpg
HE_000103,knn,11,6,5,0.545455,0.454545,0,6,0.545455,0.994030,True,no1132.jpg|no198.jpg|no243.jpg|no587.jpg|no599.jpg|no894.jpg|y1081.jpg|y1315.jpg|y402.jpg|y468.jpg|y59.jpg
HE_000104,knn,11,3,8,0.272727,0.727273,1,8,0.727273,0.845351,False,no1423.jpg|no245.jpg|no801.jpg|y1078.jpg|y1178.jpg|y169.jpg|y327.jpg|y570.jpg|y645.jpg|y798.jpg|y992.jpg
HE_000105,knn,11,8,3,0.727273,0.272727,0,8,0.727273,0.845351,False,no122.jpg|no140.jpg|no1402.jpg|no1437.jpg|no248.jpg|no330.jpg|no701.jpg|no920.jpg|y1016.jpg|y1109.jpg|y242.jpg
HE_000106,knn,11,7,4,0.636364,0.363636,0,7,0.636364,0.945660,True,no226.jpg|no240.jpg|no249.jpg|no251.jpg|no675.jpg|no906.jpg|no925.jpg|y374.jpg|y403.jpg|y431.jpg|y490.jpg
HE_000107,knn,11,8,3,0.727273,0.272727,0,8,0.727273,0.845351,False,no183.jpg|no226.jpg|no240.jpg|no249.jpg|no251.jpg|no675.jpg|no906.jpg|no925.jpg|y189.jpg|y460.jpg|y535.jpg
HE_000108,knn,11,11,0,1.000000,0.000000,0,11,1.000000,0.000000,False,no1116.jpg|no1161.jpg|no1164.jpg|no1178.jpg|no1372.jpg|no1429.jpg|no1432.jpg|no256.jpg|no259.jpg|no626.jpg|no910.jpg
HE_000109,knn,11,10,1,0.909091,0.090909,0,10,0.909091,0.439497,False,no1084.jpg|no1165.jpg|no1382.jpg|no1423.jpg|no143.jpg|no257.jpg|no290.jpg|no359.jpg|no640.jpg|no78.jpg|y1346.jpg
HE_000110,knn,11,7,4,0.636364,0.363636,0,7,0.636364,0.945660,True,no1116.jpg|no1161.jpg|no1164.jpg|no1429.jpg|no1432.jpg|no256.jpg|no259.jpg|y403.jpg|y513.jpg|y524.jpg|y599.jpg
HE_000111,knn,11,5,6,0.454545,0.545455,1,6,0.545455,0.994030,True,no1067.jpg|no164.jpg|no26.jpg|no448.jpg|no786.jpg|y136.jpg|y728.jpg|y77.jpg|y794.jpg|y881.jpg|y889.jpg
HE_000112,knn,11,6,5,0.545455,0.454545,0,6,0.545455,0.994030,True,no1335.jpg|no208.jpg|no260.jpg|no272.jpg|no627.jpg|no651.jpg|y373.jpg|y422.jpg|y517.jpg|y616.jpg|y635.jpg
HE_000113,knn,11,1,10,0.090909,0.909091,1,10,0.909091,0.439497,False,no265.jpg|y1150.jpg|y189.jpg|y332.jpg|y390.jpg|y422.jpg|y460.jpg|y535.jpg|y545.jpg|y564.jpg|y662.jpg
HE_000114,knn,11,3,8,0.272727,0.727273,1,8,0.727273,0.845351,False,no1116.jpg|no218.jpg|no267.jpg|y1030.jpg|y1126.jpg|y1222.jpg|y524.jpg|y599.jpg|y64.jpg|y810.jpg|y910.jpg
HE_000115,knn,11,7,4,0.636364,0.363636,0,7,0.636364,0.945660,True,no288.jpg|no290.jpg|no298.jpg|no305.jpg|no331.jpg|no396.jpg|no78.jpg|y1112.jpg|y56.jpg|y811.jpg|y979.jpg
HE_000116,knn,11,11,0,1.000000,0.000000,0,11,1.000000,0.000000,False,no1023.jpg|no1200.jpg|no1322.jpg|no1443.jpg|no154.jpg|no157.jpg|no236.jpg|no29.jpg|no411.jpg|no47.jpg|no952.jpg
HE_000117,knn,11,10,1,0.909091,0.090909,0,10,0.909091,0.439497,False,no1165.jpg|no1382.jpg|no1423.jpg|no143.jpg|no220.jpg|no257.jpg|no290.jpg|no359.jpg|no396.jpg|no78.jpg|y502.jpg
HE_000118,knn,11,8,3,0.727273,0.272727,0,8,0.727273,0.845351,False,No15.jpg|no1294.jpg|no294.jpg|no328.jpg|no421.jpg|no533.jpg|no733.jpg|no797.jpg|y1438.jpg|y702.jpg|y743.jpg
HE_000119,knn,11,10,1,0.909091,0.090909,0,10,0.909091,0.439497,False,no1043.jpg|no1200.jpg|no1322.jpg|no157.jpg|no29.jpg|no296.jpg|no329.jpg|no494.jpg|no776.jpg|no82.jpg|y730.jpg
HE_000120,knn,11,4,7,0.363636,0.636364,1,7,0.636364,0.945660,True,no120.jpg|no298.jpg|no331.jpg|no809.jpg|y100.jpg|y1125.jpg|y1242.jpg|y56.jpg|y811.jpg|y942.jpg|y979.jpg
HE_000121,knn,11,8,3,0.727273,0.272727,0,8,0.727273,0.845351,False,no288.jpg|no290.jpg|no298.jpg|no305.jpg|no308.jpg|no331.jpg|no396.jpg|no78.jpg|y1112.jpg|y56.jpg|y811.jpg
HE_000122,knn,11,7,4,0.636364,0.363636,0,7,0.636364,0.945660,True,no1211.jpg|no141.jpg|no298.jpg|no305.jpg|no308.jpg|no331.jpg|no734.jpg|y1112.jpg|y242.jpg|y56.jpg|y811.jpg
HE_000123,knn,11,10,1,0.909091,0.090909,0,10,0.909091,0.439497,False,no1242.jpg|no140.jpg|no154.jpg|no156.jpg|no159.jpg|no325.jpg|no340.jpg|no487.jpg|no66.jpg|no84.jpg|y1245.jpg
HE_000124,knn,11,7,4,0.636364,0.363636,0,7,0.636364,0.945660,True,No15.jpg|no1042.jpg|no294.jpg|no328.jpg|no421.jpg|no533.jpg|no797.jpg|y1359.jpg|y1438.jpg|y702.jpg|y743.jpg
HE_000125,knn,11,8,3,0.727273,0.272727,0,8,0.727273,0.845351,False,no1043.jpg|no122.jpg|no1322.jpg|no296.jpg|no329.jpg|no494.jpg|no776.jpg|no82.jpg|y1016.jpg|y1153.jpg|y730.jpg
HE_000126,knn,11,11,0,1.000000,0.000000,0,11,1.000000,0.000000,False,no1023.jpg|no1200.jpg|no1443.jpg|no33.jpg|no411.jpg|no47.jpg|no65.jpg|no816.jpg|no817.jpg|no9.jpg|no952.jpg
HE_000127,knn,11,6,5,0.545455,0.454545,0,6,0.545455,0.994030,True,no1043.jpg|no141.jpg|no329.jpg|no330.jpg|no494.jpg|no776.jpg|y1016.jpg|y1109.jpg|y1111.jpg|y1153.jpg|y242.jpg
HE_000128,knn,11,3,8,0.272727,0.727273,1,8,0.727273,0.845351,False,no120.jpg|no298.jpg|no331.jpg|y100.jpg|y1063.jpg|y1125.jpg|y1242.jpg|y56.jpg|y811.jpg|y942.jpg|y979.jpg
HE_000129,knn,11,6,5,0.545455,0.454545,0,6,0.545455,0.994030,True,no1179.jpg|no120.jpg|no141.jpg|no353.jpg|no391.jpg|no87.jpg|y1111.jpg|y1266.jpg|y1351.jpg|y1468.jpg|y876.jpg
HE_000130,knn,11,8,3,0.727273,0.272727,0,8,0.727273,0.845351,False,no1278.jpg|no1382.jpg|no1423.jpg|no143.jpg|no257.jpg|no290.jpg|no359.jpg|no373.jpg|y1346.jpg|y169.jpg|y645.jpg
HE_000131,knn,11,10,1,0.909091,0.090909,0,10,0.909091,0.439497,False,no1005.jpg|no102.jpg|no1044.jpg|no1224.jpg|no361.jpg|no392.jpg|no402.jpg|no508.jpg|no68.jpg|no938.jpg|y1381.jpg
HE_000132,knn,11,5,6,0.454545,0.545455,1,6,0.545455,0.994030,True,no208.jpg|no211.jpg|no272.jpg|no365.jpg|no622.jpg|y106.jpg|y373.jpg|y616.jpg|y635.jpg|y726.jpg|y853.jpg
HE_000133,knn,11,3,8,0.272727,0.727273,1,8,0.727273,0.845351,False,no370.jpg|no876.jpg|no901.jpg|y1010.jpg|y1136.jpg|y1199.jpg|y1287.jpg|y357.jpg|y551.jpg|y712.jpg|y920.jpg
HE_000134,knn,11,7,4,0.636364,0.363636,0,7,0.636364,0.945660,True,no1278.jpg|no1382.jpg|no1423.jpg|no220.jpg|no359.jpg|no373.jpg|no801.jpg|y169.jpg|y440.jpg|y502.jpg|y645.jpg
HE_000135,knn,11,6,5,0.545455,0.454545,0,6,0.545455,0.994030,True,no1268.jpg|no164.jpg|no213.jpg|no390.jpg|no44.jpg|no564.jpg|y1299.jpg|y1495.jpg|y706.jpg|y750.jpg|y779.jpg
HE_000136,knn,11,6,5,0.545455,0.454545,0,6,0.545455,0.994030,True,no1179.jpg|no1499.jpg|no391.jpg|no432.jpg|no740.jpg|no856.jpg|y1266.jpg|y1351.jpg|y1468.jpg|y758.jpg|y876.jpg
HE_000137,knn,11,8,3,0.727273,0.272727,0,8,0.727273,0.845351,False,no1328.jpg|no1499.jpg|no361.jpg|no392.jpg|no402.jpg|no776.jpg|no82.jpg|no858.jpg|y1381.jpg|y731.jpg|y876.jpg
HE_000138,knn,11,10,1,0.909091,0.090909,0,10,0.909091,0.439497,False,no1167.jpg|no1278.jpg|no1382.jpg|no197.jpg|no220.jpg|no288.jpg|no290.jpg|no305.jpg|no396.jpg|no590.jpg|y1178.jpg
HE_000139,knn,11,6,5,0.545455,0.454545,0,6,0.545455,0.994030,True,no1040.jpg|no404.jpg|no497.jpg|no552.jpg|no786.jpg|no959.jpg|y136.jpg|y1496.jpg|y77.jpg|y881.jpg|y889.jpg
HE_000140,knn,11,4,7,0.363636,0.636364,1,7,0.636364,0.945660,True,no417.jpg|no713.jpg|no873.jpg|no930.jpg|y1309.jpg|y1401.jpg|y1431.jpg|y1461.jpg|y54.jpg|y780.jpg|y915.jpg
HE_000141,knn,11,10,1,0.909091,0.090909,0,10,0.909091,0.439497,False,no1211.jpg|no1278.jpg|no1423.jpg|no197.jpg|no308.jpg|no420.jpg|no701.jpg|no723.jpg|no734.jpg|no779.jpg|y1271.jpg
HE_000142,knn,11,3,8,0.272727,0.727273,1,8,0.727273,0.845351,False,no1229.jpg|no437.jpg|no498.jpg|y1032.jpg|y1128.jpg|y1203.jpg|y1279.jpg|y353.jpg|y541.jpg|y655.jpg|y949.jpg
HE_000143,knn,11,8,3,0.727273,0.272727,0,8,0.727273,0.845351,False,no1269.jpg|no1274.jpg|no1321.jpg|no442.jpg|no507.jpg|no62.jpg|no756.jpg|no854.jpg|y1307.jpg|y756.jpg|y76.jpg
HE_000144,knn,11,10,1,0.909091,0.090909,0,10,0.909091,0.439497,False,no1034.jpg|no1269.jpg|no1321.jpg|no247.jpg|no442.jpg|no444.jpg|no50.jpg|no521.jpg|no62.jpg|no765.jpg|y1389.jpg
HE_000145,knn,11,5,6,0.454545,0.545455,1,6,0.545455,0.994030,True,no151.jpg|no26.jpg|no448.jpg|no497.jpg|no786.jpg|y136.jpg|y1496.jpg|y77.jpg|y794.jpg|y881.jpg|y889.jpg
HE_000146,knn,11,7,4,0.636364,0.363636,0,7,0.636364,0.945660,True,no1263.jpg|no1418.jpg|no1491.jpg|no394.jpg|no464.jpg|no821.jpg|no904.jpg|y109.jpg|y734.jpg|y754.jpg|y994.jpg
HE_000147,knn,11,7,4,0.636364,0.363636,0,7,0.636364,0.945660,True,no1126.jpg|no469.jpg|no588.jpg|no784.jpg|no809.jpg|no830.jpg|no899.jpg|y1125.jpg|y1162.jpg|y1484.jpg|y744.jpg
HE_000148,knn,11,1,10,0.090909,0.909091,1,10,0.909091,0.439497,False,no473.jpg|y255.jpg|y301.jpg|y318.jpg|y334.jpg|y386.jpg|y427.jpg|y582.jpg|y649.jpg|y874.jpg|y991.jpg
HE_000149,knn,11,9,2,0.818182,0.181818,0,9,0.818182,0.684038,False,no119.jpg|no1242.jpg|no154.jpg|no156.jpg|no159.jpg|no325.jpg|no340.jpg|no487.jpg|no84.jpg|y1245.jpg|y1366.jpg
HE_000150,knn,11,9,2,0.818182,0.181818,0,9,0.818182,0.684038,False,no1126.jpg|no1226.jpg|no125.jpg|no1448.jpg|no493.jpg|no554.jpg|no588.jpg|no890.jpg|no899.jpg|y1368.jpg|y748.jpg
HE_000151,knn,11,7,4,0.636364,0.363636,0,7,0.636364,0.945660,True,no1043.jpg|no122.jpg|no296.jpg|no329.jpg|no494.jpg|no776.jpg|no82.jpg|y1016.jpg|y1153.jpg|y730.jpg|y731.jpg
HE_000152,knn,11,4,7,0.363636,0.636364,1,7,0.636364,0.945660,True,no1040.jpg|no151.jpg|no497.jpg|no959.jpg|y110.jpg|y136.jpg|y1496.jpg|y77.jpg|y881.jpg|y889.jpg|y982.jpg
HE_000153,knn,11,10,1,0.909091,0.090909,0,10,0.909091,0.439497,False,No15.jpg|no1034.jpg|no247.jpg|no42.jpg|no444.jpg|no50.jpg|no521.jpg|no533.jpg|no62.jpg|no765.jpg|y1389.jpg
HE_000154,knn,11,10,1,0.909091,0.090909,0,10,0.909091,0.439497,False,no1092.jpg|no1094.jpg|no1130.jpg|no1274.jpg|no1321.jpg|no1331.jpg|no442.jpg|no507.jpg|no758.jpg|no948.jpg|y76.jpg
HE_000155,knn,11,3,8,0.272727,0.727273,1,8,0.727273,0.845351,False,no464.jpg|no525.jpg|no73.jpg|y1080.jpg|y1203.jpg|y1207.jpg|y1213.jpg|y1335.jpg|y765.jpg|y961.jpg|y994.jpg
HE_000156,knn,11,3,8,0.272727,0.727273,1,8,0.727273,0.845351,False,no532.jpg|no719.jpg|no766.jpg|y100.jpg|y1063.jpg|y1162.jpg|y1242.jpg|y1293.jpg|y1447.jpg|y744.jpg|y868.jpg
HE_000157,knn,11,9,2,0.818182,0.181818,0,9,0.818182,0.684038,False,No15.jpg|no1042.jpg|no1221.jpg|no294.jpg|no328.jpg|no42.jpg|no421.jpg|no533.jpg|no797.jpg|y1462.jpg|y743.jpg
HE_000158,knn,11,6,5,0.545455,0.454545,0,6,0.545455,0.994030,True,No19.jpg|no1092.jpg|no1130.jpg|no1346.jpg|no538.jpg|no631.jpg|y1027.jpg|y752.jpg|y831.jpg|y871.jpg|y888.jpg
HE_000159,knn,11,2,9,0.181818,0.818182,1,9,0.818182,0.684038,False,no1229.jpg|no544.jpg|y1069.jpg|y1136.jpg|y1203.jpg|y1232.jpg|y1435.jpg|y216.jpg|y298.jpg|y541.jpg|y909.jpg
HE_000160,knn,11,1,10,0.090909,0.909091,1,10,0.909091,0.439497,False,no547.jpg|y1155.jpg|y1172.jpg|y1197.jpg|y1386.jpg|y228.jpg|y301.jpg|y642.jpg|y819.jpg|y836.jpg|y892.jpg
HE_000161,knn,11,5,6,0.454545,0.545455,1,6,0.545455,0.994030,True,no1040.jpg|no404.jpg|no497.jpg|no552.jpg|no959.jpg|y1047.jpg|y136.jpg|y1496.jpg|y77.jpg|y881.jpg|y889.jpg
HE_000162,knn,11,9,2,0.818182,0.181818,0,9,0.818182,0.684038,False,no1126.jpg|no1226.jpg|no125.jpg|no1448.jpg|no493.jpg|no554.jpg|no588.jpg|no890.jpg|no899.jpg|y1162.jpg|y748.jpg
HE_000163,knn,11,6,5,0.545455,0.454545,0,6,0.545455,0.994030,True,no1067.jpg|no1268.jpg|no164.jpg|no44.jpg|no563.jpg|no564.jpg|y1299.jpg|y132.jpg|y750.jpg|y779.jpg|y877.jpg
HE_000164,knn,11,6,5,0.545455,0.454545,0,6,0.545455,0.994030,True,no1268.jpg|no164.jpg|no390.jpg|no44.jpg|no563.jpg|no564.jpg|y132.jpg|y1495.jpg|y750.jpg|y779.jpg|y877.jpg
HE_000165,knn,11,11,0,1.000000,0.000000,0,11,1.000000,0.000000,False,no1259.jpg|no1322.jpg|no1466.jpg|no157.jpg|no33.jpg|no450.jpg|no567.jpg|no65.jpg|no803.jpg|no816.jpg|no817.jpg
HE_000166,knn,11,6,5,0.545455,0.454545,0,6,0.545455,0.994030,True,no1262.jpg|no1294.jpg|no1311.jpg|no1354.jpg|no1374.jpg|no587.jpg|y1081.jpg|y1228.jpg|y309.jpg|y59.jpg|y761.jpg
HE_000167,knn,11,10,1,0.909091,0.090909,0,10,0.909091,0.439497,False,no1126.jpg|no1226.jpg|no125.jpg|no1448.jpg|no469.jpg|no493.jpg|no554.jpg|no588.jpg|no890.jpg|no899.jpg|y1484.jpg
HE_000168,knn,11,3,8,0.272727,0.727273,1,8,0.727273,0.845351,False,no1435.jpg|no265.jpg|no595.jpg|y1104.jpg|y1274.jpg|y195.jpg|y390.jpg|y4.jpg|y422.jpg|y534.jpg|y584.jpg
HE_000169,knn,11,9,2,0.818182,0.181818,0,9,0.818182,0.684038,False,no1094.jpg|no1269.jpg|no1274.jpg|no1321.jpg|no442.jpg|no444.jpg|no507.jpg|no62.jpg|no854.jpg|y1307.jpg|y756.jpg
HE_000170,knn,11,6,5,0.545455,0.454545,0,6,0.545455,0.994030,True,no211.jpg|no272.jpg|no365.jpg|no622.jpg|no876.jpg|no896.jpg|y1015.jpg|y106.jpg|y1435.jpg|y793.jpg|y853.jpg
HE_000171,knn,11,7,4,0.636364,0.363636,0,7,0.636364,0.945660,True,no1164.jpg|no1178.jpg|no1372.jpg|no1432.jpg|no256.jpg|no259.jpg|no626.jpg|y1448.jpg|y255.jpg|y334.jpg|y711.jpg
HE_000172,knn,11,5,6,0.454545,0.545455,1,6,0.545455,0.994030,True,no1335.jpg|no1349.jpg|no260.jpg|no627.jpg|no651.jpg|y213.jpg|y349.jpg|y517.jpg|y564.jpg|y635.jpg|y658.jpg
HE_000173,knn,11,2,9,0.181818,0.818182,1,9,0.818182,0.684038,False,no637.jpg|no651.jpg|y149.jpg|y332.jpg|y402.jpg|y471.jpg|y473.jpg|y545.jpg|y626.jpg|y662.jpg|y910.jpg
HE_000174,knn,11,3,8,0.272727,0.727273,1,8,0.727273,0.845351,False,no1384.jpg|no638.jpg|no906.jpg|y181.jpg|y243.jpg|y374.jpg|y391.jpg|y403.jpg|y446.jpg|y524.jpg|y686.jpg
HE_000175,knn,11,11,0,1.000000,0.000000,0,11,1.000000,0.000000,False,no1023.jpg|no1200.jpg|no1259.jpg|no33.jpg|no47.jpg|no567.jpg|no65.jpg|no803.jpg|no816.jpg|no817.jpg|no9.jpg
HE_000176,knn,11,10,1,0.909091,0.090909,0,10,0.909091,0.439497,False,no122.jpg|no1242.jpg|no140.jpg|no154.jpg|no156.jpg|no296.jpg|no329.jpg|no494.jpg|no66.jpg|no84.jpg|y1016.jpg
HE_000177,knn,11,2,9,0.181818,0.818182,1,9,0.818182,0.684038,False,no672.jpg|no950.jpg|y1049.jpg|y1087.jpg|y1096.jpg|y1207.jpg|y124.jpg|y867.jpg|y890.jpg|y913.jpg|y961.jpg
HE_000178,knn,11,4,7,0.363636,0.636364,1,7,0.636364,0.945660,True,no249.jpg|no675.jpg|no906.jpg|no925.jpg|y230.jpg|y374.jpg|y403.jpg|y431.jpg|y452.jpg|y513.jpg|y524.jpg
HE_000179,knn,11,2,9,0.181818,0.818182,1,9,0.818182,0.684038,False,no1147.jpg|no696.jpg|y1359.jpg|y255.jpg|y334.jpg|y377.jpg|y527.jpg|y604.jpg|y63.jpg|y71.jpg|y711.jpg
HE_000180,knn,11,6,5,0.545455,0.454545,0,6,0.545455,0.994030,True,No19.jpg|no1257.jpg|no30.jpg|no52.jpg|no538.jpg|no7.jpg|y1027.jpg|y740.jpg|y752.jpg|y831.jpg|y888.jpg
HE_000181,knn,11,7,4,0.636364,0.363636,0,7,0.636364,0.945660,True,no1402.jpg|no1437.jpg|no195.jpg|no248.jpg|no308.jpg|no701.jpg|no920.jpg|y1016.jpg|y1109.jpg|y1271.jpg|y242.jpg
HE_000182,knn,11,10,1,0.909091,0.090909,0,10,0.909091,0.439497,False,no1084.jpg|no1091.jpg|no1186.jpg|no162.jpg|no640.jpg|no645.jpg|no708.jpg|no73.jpg|no877.jpg|no976.jpg|y960.jpg
HE_000183,knn,11,10,1,0.909091,0.090909,0,10,0.909091,0.439497,False,no1226.jpg|no125.jpg|no1448.jpg|no493.jpg|no532.jpg|no554.jpg|no588.jpg|no719.jpg|no766.jpg|no850.jpg|y868.jpg
HE_000184,knn,11,4,7,0.363636,0.636364,1,7,0.636364,0.945660,True,no417.jpg|no720.jpg|no873.jpg|no930.jpg|y1257.jpg|y1309.jpg|y1401.jpg|y1430.jpg|y1431.jpg|y159.jpg|y201.jpg
HE_000185,knn,11,9,2,0.818182,0.181818,0,9,0.818182,0.684038,False,no1211.jpg|no1278.jpg|no195.jpg|no197.jpg|no308.jpg|no396.jpg|no420.jpg|no723.jpg|no779.jpg|y1271.jpg|y380.jpg
HE_000186,knn,11,7,4,0.636364,0.363636,0,7,0.636364,0.945660,True,no1037.jpg|no1241.jpg|no280.jpg|no719.jpg|no728.jpg|no955.jpg|no995.jpg|y1293.jpg|y1447.jpg|y744.jpg|y868.jpg
HE_000187,knn,11,7,4,0.636364,0.363636,0,7,0.636364,0.945660,True,no1091.jpg|no1491.jpg|no464.jpg|no645.jpg|no73.jpg|no821.jpg|no904.jpg|y1168.jpg|y1203.jpg|y960.jpg|y994.jpg
HE_000188,knn,11,9,2,0.818182,0.181818,0,9,0.818182,0.684038,False,No15.jpg|no1042.jpg|no1221.jpg|no294.jpg|no328.jpg|no42.jpg|no421.jpg|no733.jpg|no797.jpg|y1462.jpg|y743.jpg
HE_000189,knn,11,7,4,0.636364,0.363636,0,7,0.636364,0.945660,True,no1037.jpg|no1179.jpg|no1241.jpg|no391.jpg|no432.jpg|no740.jpg|no856.jpg|y1266.jpg|y1351.jpg|y1468.jpg|y758.jpg
HE_000190,knn,11,5,6,0.454545,0.545455,1,6,0.545455,0.994030,True,no1446.jpg|no554.jpg|no748.jpg|no784.jpg|no899.jpg|y1063.jpg|y1125.jpg|y1162.jpg|y130.jpg|y1337.jpg|y777.jpg
HE_000191,knn,11,8,3,0.727273,0.272727,0,8,0.727273,0.845351,False,no1236.jpg|no1269.jpg|no1274.jpg|no442.jpg|no507.jpg|no756.jpg|no758.jpg|no948.jpg|y1020.jpg|y1212.jpg|y935.jpg
HE_000192,knn,11,10,1,0.909091,0.090909,0,10,0.909091,0.439497,False,No19.jpg|no1029.jpg|no1274.jpg|no1454.jpg|no507.jpg|no538.jpg|no758.jpg|no759.jpg|no948.jpg|no949.jpg|y871.jpg
HE_000193,knn,11,8,3,0.727273,0.272727,0,8,0.727273,0.845351,False,no1029.jpg|no1274.jpg|no1454.jpg|no538.jpg|no758.jpg|no759.jpg|no948.jpg|no949.jpg|y214.jpg|y76.jpg|y871.jpg
HE_000194,knn,11,3,8,0.272727,0.727273,1,8,0.727273,0.845351,False,no532.jpg|no766.jpg|no809.jpg|y100.jpg|y1063.jpg|y1162.jpg|y1242.jpg|y1293.jpg|y1447.jpg|y744.jpg|y868.jpg
HE_000195,knn,11,4,7,0.363636,0.636364,1,7,0.636364,0.945660,True,no188.jpg|no396.jpg|no723.jpg|no779.jpg|y1078.jpg|y1178.jpg|y1271.jpg|y218.jpg|y380.jpg|y426.jpg|y992.jpg
HE_000196,knn,11,9,2,0.818182,0.181818,0,9,0.818182,0.684038,False,no126.jpg|no1382.jpg|no257.jpg|no288.jpg|no290.jpg|no298.jpg|no305.jpg|no359.jpg|no78.jpg|y1112.jpg|y811.jpg
HE_000197,knn,11,7,4,0.636364,0.363636,0,7,0.636364,0.945660,True,no1126.jpg|no469.jpg|no588.jpg|no784.jpg|no809.jpg|no830.jpg|no899.jpg|y1063.jpg|y1125.jpg|y1337.jpg|y1484.jpg
HE_000198,knn,11,5,6,0.454545,0.545455,1,6,0.545455,0.994030,True,no26.jpg|no404.jpg|no448.jpg|no552.jpg|no786.jpg|y136.jpg|y1496.jpg|y728.jpg|y77.jpg|y881.jpg|y889.jpg
HE_000199,knn,11,3,8,0.272727,0.727273,1,8,0.727273,0.845351,False,no220.jpg|no373.jpg|no801.jpg|y169.jpg|y327.jpg|y440.jpg|y46.jpg|y502.jpg|y570.jpg|y645.jpg|y798.jpg
HE_000200,knn,11,11,0,1.000000,0.000000,0,11,1.000000,0.000000,False,no1200.jpg|no1259.jpg|no1322.jpg|no1466.jpg|no157.jpg|no33.jpg|no450.jpg|no567.jpg|no65.jpg|no803.jpg|no817.jpg
HE_000201,knn,11,9,2,0.818182,0.181818,0,9,0.818182,0.684038,False,No19.jpg|no1257.jpg|no1276.jpg|no1331.jpg|no30.jpg|no410.jpg|no52.jpg|no7.jpg|no805.jpg|y740.jpg|y888.jpg
HE_000202,knn,11,4,7,0.363636,0.636364,1,7,0.636364,0.945660,True,no469.jpg|no784.jpg|no809.jpg|no830.jpg|y100.jpg|y1063.jpg|y1125.jpg|y1162.jpg|y1293.jpg|y744.jpg|y942.jpg
HE_000203,knn,11,11,0,1.000000,0.000000,0,11,1.000000,0.000000,False,no1023.jpg|no1259.jpg|no1443.jpg|no1466.jpg|no33.jpg|no47.jpg|no65.jpg|no803.jpg|no816.jpg|no817.jpg|no9.jpg
HE_000204,knn,11,9,2,0.818182,0.181818,0,9,0.818182,0.684038,False,no1043.jpg|no1328.jpg|no1499.jpg|no296.jpg|no392.jpg|no402.jpg|no776.jpg|no82.jpg|no858.jpg|y1381.jpg|y731.jpg
HE_000205,knn,11,10,1,0.909091,0.090909,0,10,0.909091,0.439497,False,no1091.jpg|no1263.jpg|no1418.jpg|no1491.jpg|no394.jpg|no464.jpg|no645.jpg|no821.jpg|no877.jpg|no904.jpg|y109.jpg
HE_000206,knn,11,6,5,0.545455,0.454545,0,6,0.545455,0.994030,True,no1126.jpg|no469.jpg|no588.jpg|no784.jpg|no809.jpg|no830.jpg|y100.jpg|y1063.jpg|y1125.jpg|y1162.jpg|y744.jpg
HE_000207,knn,11,9,2,0.818182,0.181818,0,9,0.818182,0.684038,False,no1226.jpg|no125.jpg|no1448.jpg|no493.jpg|no554.jpg|no719.jpg|no850.jpg|no890.jpg|no899.jpg|y1345.jpg|y748.jpg
HE_000208,knn,11,9,2,0.818182,0.181818,0,9,0.818182,0.684038,False,no1092.jpg|no1130.jpg|no1269.jpg|no1274.jpg|no1321.jpg|no1331.jpg|no442.jpg|no62.jpg|no854.jpg|y1307.jpg|y756.jpg
HE_000209,knn,11,6,5,0.545455,0.454545,0,6,0.545455,0.994030,True,no1179.jpg|no391.jpg|no432.jpg|no740.jpg|no856.jpg|no87.jpg|y1266.jpg|y1351.jpg|y1468.jpg|y758.jpg|y876.jpg
HE_000210,knn,11,3,8,0.272727,0.727273,1,8,0.727273,0.845351,False,no120.jpg|no353.jpg|no87.jpg|y100.jpg|y1111.jpg|y1242.jpg|y1266.jpg|y1293.jpg|y1351.jpg|y1447.jpg|y1468.jpg
HE_000211,knn,11,5,6,0.454545,0.545455,1,6,0.545455,0.994030,True,no1025.jpg|no417.jpg|no713.jpg|no873.jpg|no930.jpg|y1197.jpg|y1309.jpg|y1401.jpg|y1461.jpg|y780.jpg|y915.jpg
HE_000212,knn,11,6,5,0.545455,0.454545,0,6,0.545455,0.994030,True,No13.jpg|no1064.jpg|no1296.jpg|no1493.jpg|no796.jpg|no876.jpg|y1010.jpg|y1015.jpg|y1148.jpg|y1207.jpg|y920.jpg
HE_000213,knn,11,10,1,0.909091,0.090909,0,10,0.909091,0.439497,False,no1091.jpg|no1119.jpg|no1329.jpg|no162.jpg|no394.jpg|no645.jpg|no821.jpg|no877.jpg|no904.jpg|no932.jpg|y960.jpg
HE_000214,knn,11,5,6,0.454545,0.545455,1,6,0.545455,0.994030,True,no1263.jpg|no1418.jpg|no1491.jpg|no394.jpg|no885.jpg|y1013.jpg|y1244.jpg|y1335.jpg|y734.jpg|y765.jpg|y994.jpg
HE_000215,knn,11,8,3,0.727273,0.272727,0,8,0.727273,0.845351,False,no1126.jpg|no1226.jpg|no125.jpg|no1448.jpg|no493.jpg|no588.jpg|no890.jpg|no899.jpg|y1368.jpg|y1484.jpg|y748.jpg
HE_000216,knn,11,3,8,0.272727,0.727273,1,8,0.727273,0.845351,False,no1354.jpg|no587.jpg|no891.jpg|y1228.jpg|y1315.jpg|y1323.jpg|y309.jpg|y468.jpg|y59.jpg|y712.jpg|y761.jpg
HE_000217,knn,11,5,6,0.454545,0.545455,1,6,0.545455,0.994030,True,no1132.jpg|no198.jpg|no243.jpg|no599.jpg|no894.jpg|y1030.jpg|y1081.jpg|y1126.jpg|y1222.jpg|y299.jpg|y402.jpg
HE_000218,knn,11,3,8,0.272727,0.727273,1,8,0.727273,0.845351,False,no876.jpg|no896.jpg|no901.jpg|y106.jpg|y1287.jpg|y214.jpg|y357.jpg|y468.jpg|y712.jpg|y793.jpg|y853.jpg
HE_000219,knn,11,9,2,0.818182,0.181818,0,9,0.818182,0.684038,False,no1126.jpg|no1226.jpg|no125.jpg|no1448.jpg|no493.jpg|no554.jpg|no588.jpg|no890.jpg|no899.jpg|y1162.jpg|y1484.jpg
HE_000220,knn,11,11,0,1.000000,0.000000,0,11,1.000000,0.000000,False,no1023.jpg|no1259.jpg|no1466.jpg|no33.jpg|no450.jpg|no567.jpg|no65.jpg|no803.jpg|no816.jpg|no817.jpg|no9.jpg
HE_000221,knn,11,3,8,0.272727,0.727273,1,8,0.727273,0.845351,False,no891.jpg|no896.jpg|no901.jpg|y1199.jpg|y1287.jpg|y1315.jpg|y357.jpg|y468.jpg|y551.jpg|y59.jpg|y712.jpg
HE_000222,knn,11,9,2,0.818182,0.181818,0,9,0.818182,0.684038,False,no1091.jpg|no1263.jpg|no1329.jpg|no1418.jpg|no394.jpg|no821.jpg|no877.jpg|no904.jpg|no932.jpg|y109.jpg|y754.jpg
HE_000223,knn,11,4,7,0.363636,0.636364,1,7,0.636364,0.945660,True,no1384.jpg|no638.jpg|no906.jpg|no925.jpg|y181.jpg|y391.jpg|y403.jpg|y446.jpg|y513.jpg|y524.jpg|y599.jpg
HE_000224,knn,11,10,1,0.909091,0.090909,0,10,0.909091,0.439497,False,no1116.jpg|no1161.jpg|no1164.jpg|no1372.jpg|no1429.jpg|no1432.jpg|no218.jpg|no256.jpg|no259.jpg|no910.jpg|y513.jpg
HE_000225,knn,11,5,6,0.454545,0.545455,1,6,0.545455,0.994030,True,no249.jpg|no251.jpg|no675.jpg|no906.jpg|no925.jpg|y230.jpg|y374.jpg|y403.jpg|y513.jpg|y521.jpg|y524.jpg
HE_000226,knn,11,5,6,0.454545,0.545455,1,6,0.545455,0.994030,True,no1025.jpg|no417.jpg|no713.jpg|no873.jpg|no930.jpg|y1197.jpg|y1401.jpg|y1431.jpg|y1461.jpg|y780.jpg|y915.jpg
HE_000227,knn,11,10,1,0.909091,0.090909,0,10,0.909091,0.439497,False,no1023.jpg|no1200.jpg|no1443.jpg|no156.jpg|no33.jpg|no411.jpg|no47.jpg|no84.jpg|no933.jpg|no952.jpg|y1366.jpg
HE_000228,knn,11,9,2,0.818182,0.181818,0,9,0.818182,0.684038,False,no1029.jpg|no1274.jpg|no1454.jpg|no507.jpg|no538.jpg|no758.jpg|no759.jpg|no948.jpg|no949.jpg|y214.jpg|y76.jpg
HE_000229,knn,11,4,7,0.363636,0.636364,1,7,0.636364,0.945660,True,no213.jpg|no479.jpg|no672.jpg|no950.jpg|y1087.jpg|y1096.jpg|y1213.jpg|y65.jpg|y706.jpg|y867.jpg|y913.jpg
HE_000230,knn,11,11,0,1.000000,0.000000,0,11,1.000000,0.000000,False,no1023.jpg|no1200.jpg|no1322.jpg|no1443.jpg|no157.jpg|no236.jpg|no29.jpg|no411.jpg|no47.jpg|no933.jpg|no952.jpg
HE_000231,knn,11,6,5,0.545455,0.454545,0,6,0.545455,0.994030,True,no1040.jpg|no1418.jpg|no404.jpg|no497.jpg|no552.jpg|no959.jpg|y1244.jpg|y77.jpg|y881.jpg|y889.jpg|y926.jpg
HE_000232,knn,11,5,6,0.454545,0.545455,1,6,0.545455,0.994030,True,no1167.jpg|no1367.jpg|no220.jpg|no590.jpg|no97.jpg|y1078.jpg|y1178.jpg|y46.jpg|y570.jpg|y6.jpg|y992.jpg
HE_000233,knn,11,10,1,0.909091,0.090909,0,10,0.909091,0.439497,False,no1084.jpg|no1091.jpg|no1119.jpg|no1186.jpg|no162.jpg|no645.jpg|no708.jpg|no73.jpg|no877.jpg|no976.jpg|y960.jpg
HE_000234,knn,11,5,6,0.454545,0.545455,1,6,0.545455,0.994030,True,no1064.jpg|no1454.jpg|no1493.jpg|no759.jpg|no999.jpg|y1027.jpg|y66.jpg|y752.jpg|y831.jpg|y870.jpg|y871.jpg
HE_000235,knn,11,2,9,0.181818,0.818182,1,9,0.818182,0.684038,False,no766.jpg|no809.jpg|y100.jpg|y1063.jpg|y1162.jpg|y1242.jpg|y1293.jpg|y1447.jpg|y744.jpg|y942.jpg|y979.jpg
HE_000236,knn,11,5,6,0.454545,0.545455,1,6,0.545455,0.994030,True,No13.jpg|no1064.jpg|no1296.jpg|no1493.jpg|no876.jpg|y1010.jpg|y1015.jpg|y1049.jpg|y1136.jpg|y1148.jpg|y920.jpg
HE_000237,knn,11,2,9,0.181818,0.818182,1,9,0.818182,0.684038,False,no1040.jpg|no885.jpg|y1013.jpg|y1047.jpg|y119.jpg|y1213.jpg|y1244.jpg|y734.jpg|y765.jpg|y90.jpg|y994.jpg
HE_000238,knn,11,5,6,0.454545,0.545455,1,6,0.545455,0.994030,True,No13.jpg|no1064.jpg|no1296.jpg|no1493.jpg|no796.jpg|y1015.jpg|y1049.jpg|y1147.jpg|y1148.jpg|y1207.jpg|y870.jpg
HE_000239,knn,11,6,5,0.545455,0.454545,0,6,0.545455,0.994030,True,no1437.jpg|no248.jpg|no329.jpg|no330.jpg|no494.jpg|no920.jpg|y1016.jpg|y1109.jpg|y1153.jpg|y242.jpg|y730.jpg
HE_000240,knn,11,2,9,0.181818,0.818182,1,9,0.818182,0.684038,False,no151.jpg|no497.jpg|y102.jpg|y110.jpg|y130.jpg|y1345.jpg|y747.jpg|y748.jpg|y777.jpg|y926.jpg|y982.jpg
HE_000241,knn,11,7,4,0.636364,0.363636,0,7,0.636364,0.945660,True,no1236.jpg|no1274.jpg|no1321.jpg|no442.jpg|no507.jpg|no62.jpg|no756.jpg|y1020.jpg|y1212.jpg|y214.jpg|y935.jpg
HE_000242,knn,11,3,8,0.272727,0.727273,1,8,0.727273,0.845351,False,no30.jpg|no538.jpg|no7.jpg|y1027.jpg|y124.jpg|y752.jpg|y772.jpg|y831.jpg|y870.jpg|y871.jpg|y888.jpg
HE_000243,knn,11,4,7,0.363636,0.636364,1,7,0.636364,0.945660,True,no1132.jpg|no267.jpg|no599.jpg|no894.jpg|y1030.jpg|y1126.jpg|y1222.jpg|y1352.jpg|y391.jpg|y402.jpg|y910.jpg
HE_000244,knn,11,3,8,0.272727,0.727273,1,8,0.727273,0.845351,False,no1229.jpg|no437.jpg|no498.jpg|y1032.jpg|y1128.jpg|y1279.jpg|y353.jpg|y541.jpg|y655.jpg|y683.jpg|y949.jpg
HE_000245,knn,11,5,6,0.454545,0.545455,1,6,0.545455,0.994030,True,no1040.jpg|no1418.jpg|no404.jpg|no552.jpg|no959.jpg|y1013.jpg|y1047.jpg|y119.jpg|y1244.jpg|y734.jpg|y90.jpg
HE_000246,knn,11,6,5,0.545455,0.454545,0,6,0.545455,0.994030,True,No13.jpg|no1064.jpg|no1296.jpg|no1493.jpg|no672.jpg|no796.jpg|y1015.jpg|y1049.jpg|y1147.jpg|y1148.jpg|y1207.jpg
HE_000247,knn,11,5,6,0.454545,0.545455,1,6,0.545455,0.994030,True,no1441.jpg|no208.jpg|no272.jpg|no622.jpg|no896.jpg|y106.jpg|y635.jpg|y658.jpg|y712.jpg|y726.jpg|y853.jpg
HE_000248,knn,11,5,6,0.454545,0.545455,1,6,0.545455,0.994030,True,no532.jpg|no554.jpg|no766.jpg|no809.jpg|no899.jpg|y100.jpg|y1063.jpg|y1125.jpg|y1162.jpg|y744.jpg|y942.jpg
HE_000249,knn,11,1,10,0.090909,0.909091,1,10,0.909091,0.439497,False,no1493.jpg|y1027.jpg|y1049.jpg|y1066.jpg|y1087.jpg|y1096.jpg|y1148.jpg|y124.jpg|y870.jpg|y888.jpg|y913.jpg
HE_000250,knn,11,3,8,0.272727,0.727273,1,8,0.727273,0.845351,False,no211.jpg|no544.jpg|no876.jpg|y1069.jpg|y1136.jpg|y1232.jpg|y1435.jpg|y216.jpg|y298.jpg|y353.jpg|y909.jpg
HE_000251,knn,11,4,7,0.363636,0.636364,1,7,0.636364,0.945660,True,no220.jpg|no245.jpg|no590.jpg|no97.jpg|y1078.jpg|y1178.jpg|y327.jpg|y570.jpg|y6.jpg|y798.jpg|y992.jpg
HE_000252,knn,11,1,10,0.090909,0.909091,1,10,0.909091,0.439497,False,no672.jpg|y1080.jpg|y119.jpg|y1213.jpg|y1335.jpg|y734.jpg|y765.jpg|y890.jpg|y90.jpg|y961.jpg|y994.jpg
HE_000253,knn,11,5,6,0.454545,0.545455,1,6,0.545455,0.994030,True,no1132.jpg|no1262.jpg|no1354.jpg|no1374.jpg|no587.jpg|y1081.jpg|y1176.jpg|y1228.jpg|y210.jpg|y309.jpg|y59.jpg
HE_000254,knn,11,4,7,0.363636,0.636364,1,7,0.636364,0.945660,True,no213.jpg|no479.jpg|no672.jpg|no950.jpg|y1087.jpg|y1096.jpg|y124.jpg|y65.jpg|y706.jpg|y870.jpg|y913.jpg
HE_000255,knn,11,2,9,0.181818,0.818182,1,9,0.818182,0.684038,False,no672.jpg|no950.jpg|y1027.jpg|y1087.jpg|y1096.jpg|y124.jpg|y125.jpg|y740.jpg|y772.jpg|y870.jpg|y913.jpg
HE_000256,knn,11,7,4,0.636364,0.363636,0,7,0.636364,0.945660,True,no1226.jpg|no125.jpg|no1448.jpg|no151.jpg|no493.jpg|no497.jpg|no890.jpg|y110.jpg|y1345.jpg|y748.jpg|y982.jpg
HE_000257,knn,11,1,10,0.090909,0.909091,1,10,0.909091,0.439497,False,no595.jpg|y1104.jpg|y1274.jpg|y353.jpg|y373.jpg|y4.jpg|y422.jpg|y534.jpg|y568.jpg|y584.jpg|y949.jpg
HE_000258,knn,11,4,7,0.363636,0.636364,1,7,0.636364,0.945660,True,no1040.jpg|no497.jpg|no786.jpg|no959.jpg|y1107.jpg|y136.jpg|y1496.jpg|y77.jpg|y881.jpg|y889.jpg|y926.jpg
HE_000259,knn,11,7,4,0.636364,0.363636,0,7,0.636364,0.945660,True,no122.jpg|no1437.jpg|no248.jpg|no330.jpg|no494.jpg|no701.jpg|no920.jpg|y1016.jpg|y1109.jpg|y1153.jpg|y242.jpg
HE_000260,knn,11,5,6,0.454545,0.545455,1,6,0.545455,0.994030,True,no1179.jpg|no120.jpg|no141.jpg|no353.jpg|no87.jpg|y1111.jpg|y1242.jpg|y1266.jpg|y1351.jpg|y1447.jpg|y1468.jpg
HE_000261,knn,11,4,7,0.363636,0.636364,1,7,0.636364,0.945660,True,no288.jpg|no298.jpg|no331.jpg|no78.jpg|y1112.jpg|y130.jpg|y1337.jpg|y56.jpg|y777.jpg|y811.jpg|y979.jpg
HE_000262,knn,11,6,5,0.545455,0.454545,0,6,0.545455,0.994030,True,no469.jpg|no588.jpg|no784.jpg|no809.jpg|no830.jpg|no899.jpg|y1063.jpg|y1125.jpg|y1162.jpg|y1337.jpg|y942.jpg
HE_000263,knn,11,4,7,0.363636,0.636364,1,7,0.636364,0.945660,True,no1132.jpg|no267.jpg|no599.jpg|no894.jpg|y1030.jpg|y1126.jpg|y1222.jpg|y126.jpg|y1352.jpg|y64.jpg|y810.jpg
HE_000264,knn,11,3,8,0.272727,0.727273,1,8,0.727273,0.845351,False,no1229.jpg|no437.jpg|no498.jpg|y1032.jpg|y1128.jpg|y1279.jpg|y353.jpg|y570.jpg|y655.jpg|y683.jpg|y949.jpg
HE_000265,knn,11,2,9,0.181818,0.818182,1,9,0.818182,0.684038,False,no544.jpg|no876.jpg|y1010.jpg|y1069.jpg|y1136.jpg|y1199.jpg|y1232.jpg|y1237.jpg|y1435.jpg|y909.jpg|y957.jpg
HE_000266,knn,11,3,8,0.272727,0.727273,1,8,0.727273,0.845351,False,No13.jpg|no1296.jpg|no672.jpg|y1015.jpg|y1049.jpg|y1080.jpg|y1147.jpg|y1148.jpg|y1207.jpg|y890.jpg|y961.jpg
HE_000267,knn,11,6,5,0.545455,0.454545,0,6,0.545455,0.994030,True,No13.jpg|no1064.jpg|no1296.jpg|no1493.jpg|no796.jpg|no876.jpg|y1010.jpg|y1015.jpg|y1049.jpg|y1148.jpg|y920.jpg
HE_000268,knn,11,3,8,0.272727,0.727273,1,8,0.727273,0.845351,False,no1234.jpg|no1378.jpg|no265.jpg|y1150.jpg|y189.jpg|y332.jpg|y385.jpg|y460.jpg|y535.jpg|y545.jpg|y662.jpg
HE_000269,knn,11,6,5,0.545455,0.454545,0,6,0.545455,0.994030,True,no1043.jpg|no296.jpg|no329.jpg|no330.jpg|no494.jpg|no776.jpg|y1016.jpg|y1153.jpg|y242.jpg|y730.jpg|y876.jpg
HE_000270,knn,11,1,10,0.090909,0.909091,1,10,0.909091,0.439497,False,no547.jpg|y1155.jpg|y1386.jpg|y228.jpg|y301.jpg|y318.jpg|y642.jpg|y649.jpg|y698.jpg|y819.jpg|y874.jpg
HE_000271,knn,11,5,6,0.454545,0.545455,1,6,0.545455,0.994030,True,no532.jpg|no554.jpg|no766.jpg|no809.jpg|no899.jpg|y100.jpg|y1063.jpg|y1125.jpg|y1162.jpg|y1293.jpg|y744.jpg
HE_000272,knn,11,7,4,0.636364,0.363636,0,7,0.636364,0.945660,True,no1091.jpg|no1491.jpg|no464.jpg|no645.jpg|no73.jpg|no821.jpg|no976.jpg|y1168.jpg|y1203.jpg|y960.jpg|y999.jpg
HE_000273,knn,11,2,9,0.181818,0.818182,1,9,0.818182,0.684038,False,no1042.jpg|no696.jpg|y117.jpg|y1172.jpg|y1303.jpg|y1386.jpg|y228.jpg|y642.jpg|y819.jpg|y836.jpg|y892.jpg
HE_000274,knn,11,2,9,0.181818,0.818182,1,9,0.818182,0.684038,False,no1042.jpg|no547.jpg|y117.jpg|y1172.jpg|y1303.jpg|y1386.jpg|y228.jpg|y642.jpg|y819.jpg|y836.jpg|y892.jpg
HE_000275,knn,11,1,10,0.090909,0.909091,1,10,0.909091,0.439497,False,no1262.jpg|y1081.jpg|y1126.jpg|y1176.jpg|y1182.jpg|y1222.jpg|y126.jpg|y1438.jpg|y210.jpg|y64.jpg|y810.jpg
HE_000276,knn,11,4,7,0.363636,0.636364,1,7,0.636364,0.945660,True,no220.jpg|no245.jpg|no590.jpg|no97.jpg|y1078.jpg|y1178.jpg|y327.jpg|y502.jpg|y570.jpg|y6.jpg|y992.jpg
HE_000277,knn,11,0,11,0.000000,1.000000,1,11,1.000000,0.000000,False,y1176.jpg|y1182.jpg|y1222.jpg|y126.jpg|y1352.jpg|y1438.jpg|y377.jpg|y527.jpg|y64.jpg|y71.jpg|y711.jpg
HE_000278,knn,11,2,9,0.181818,0.818182,1,9,0.818182,0.684038,False,no1491.jpg|no885.jpg|y1013.jpg|y1080.jpg|y119.jpg|y1213.jpg|y1335.jpg|y734.jpg|y765.jpg|y90.jpg|y994.jpg
HE_000279,knn,11,1,10,0.090909,0.909091,1,10,0.909091,0.439497,False,no473.jpg|y1192.jpg|y1401.jpg|y301.jpg|y318.jpg|y386.jpg|y54.jpg|y582.jpg|y620.jpg|y649.jpg|y698.jpg
HE_000280,knn,11,4,7,0.363636,0.636364,1,7,0.636364,0.945660,True,no1025.jpg|no547.jpg|no713.jpg|no930.jpg|y1155.jpg|y1197.jpg|y1461.jpg|y54.jpg|y698.jpg|y780.jpg|y915.jpg
HE_000281,knn,11,2,9,0.181818,0.818182,1,9,0.818182,0.684038,False,no876.jpg|no901.jpg|y1010.jpg|y1136.jpg|y1199.jpg|y1232.jpg|y1287.jpg|y357.jpg|y551.jpg|y712.jpg|y920.jpg
HE_000282,knn,11,5,6,0.454545,0.545455,1,6,0.545455,0.994030,True,no1229.jpg|no437.jpg|no498.jpg|no544.jpg|no73.jpg|y1203.jpg|y1279.jpg|y216.jpg|y298.jpg|y541.jpg|y999.jpg
HE_000283,knn,11,5,6,0.454545,0.545455,1,6,0.545455,0.994030,True,No13.jpg|no1064.jpg|no1296.jpg|no672.jpg|no796.jpg|y1015.jpg|y1049.jpg|y1147.jpg|y1207.jpg|y890.jpg|y961.jpg
HE_000284,knn,11,7,4,0.636364,0.363636,0,7,0.636364,0.945660,True,no1029.jpg|no1094.jpg|no1130.jpg|no1236.jpg|no507.jpg|no756.jpg|no949.jpg|y1020.jpg|y1212.jpg|y214.jpg|y935.jpg
HE_000285,knn,11,0,11,0.000000,1.000000,1,11,1.000000,0.000000,False,y1013.jpg|y1080.jpg|y119.jpg|y1213.jpg|y65.jpg|y706.jpg|y734.jpg|y765.jpg|y90.jpg|y961.jpg|y994.jpg
HE_000286,knn,11,3,8,0.272727,0.727273,1,8,0.727273,0.845351,False,no1132.jpg|no267.jpg|no599.jpg|y1030.jpg|y1126.jpg|y1176.jpg|y1222.jpg|y126.jpg|y1352.jpg|y64.jpg|y810.jpg
HE_000287,knn,11,3,8,0.272727,0.727273,1,8,0.727273,0.845351,False,no1147.jpg|no294.jpg|no328.jpg|y1182.jpg|y1227.jpg|y1359.jpg|y1438.jpg|y527.jpg|y63.jpg|y702.jpg|y743.jpg
HE_000288,knn,11,1,10,0.090909,0.909091,1,10,0.909091,0.439497,False,no544.jpg|y1010.jpg|y1069.jpg|y1136.jpg|y1199.jpg|y1232.jpg|y1237.jpg|y1435.jpg|y909.jpg|y920.jpg|y957.jpg
HE_000289,knn,11,3,8,0.272727,0.727273,1,8,0.727273,0.845351,False,no1234.jpg|no1378.jpg|no544.jpg|y1069.jpg|y1136.jpg|y1232.jpg|y1237.jpg|y298.jpg|y541.jpg|y909.jpg|y957.jpg
HE_000290,knn,11,1,10,0.090909,0.909091,1,10,0.909091,0.439497,False,no672.jpg|y1027.jpg|y1049.jpg|y1087.jpg|y1096.jpg|y124.jpg|y125.jpg|y772.jpg|y831.jpg|y870.jpg|y913.jpg
HE_000291,knn,11,4,7,0.363636,0.636364,1,7,0.636364,0.945660,True,no120.jpg|no766.jpg|no809.jpg|no87.jpg|y100.jpg|y1242.jpg|y1293.jpg|y1447.jpg|y744.jpg|y942.jpg|y979.jpg
HE_000292,knn,11,4,7,0.363636,0.636364,1,7,0.636364,0.945660,True,no1040.jpg|no1418.jpg|no885.jpg|no959.jpg|y1013.jpg|y1047.jpg|y1244.jpg|y1335.jpg|y734.jpg|y765.jpg|y90.jpg
HE_000293,knn,11,10,1,0.909091,0.090909,0,10,0.909091,0.439497,False,no119.jpg|no1242.jpg|no140.jpg|no156.jpg|no159.jpg|no325.jpg|no340.jpg|no487.jpg|no66.jpg|no84.jpg|y1245.jpg
HE_000294,knn,11,2,9,0.181818,0.818182,1,9,0.818182,0.684038,False,no213.jpg|no479.jpg|y1027.jpg|y124.jpg|y125.jpg|y65.jpg|y706.jpg|y772.jpg|y867.jpg|y870.jpg|y913.jpg
HE_000295,knn,11,4,7,0.363636,0.636364,1,7,0.636364,0.945660,True,no417.jpg|no720.jpg|no873.jpg|no930.jpg|y1257.jpg|y1309.jpg|y1401.jpg|y1430.jpg|y1431.jpg|y159.jpg|y780.jpg
HE_000296,knn,11,1,10,0.090909,0.909091,1,10,0.909091,0.439497,False,no267.jpg|y1126.jpg|y1176.jpg|y1182.jpg|y1222.jpg|y126.jpg|y64.jpg|y678.jpg|y685.jpg|y71.jpg|y810.jpg
HE_000297,knn,11,7,4,0.636364,0.363636,0,7,0.636364,0.945660,True,no1179.jpg|no353.jpg|no391.jpg|no432.jpg|no740.jpg|no856.jpg|no87.jpg|y1111.jpg|y1266.jpg|y1351.jpg|y1468.jpg
HE_000298,knn,11,8,3,0.727273,0.272727,0,8,0.727273,0.845351,False,no188.jpg|no195.jpg|no197.jpg|no308.jpg|no420.jpg|no701.jpg|no723.jpg|no779.jpg|y1271.jpg|y17.jpg|y380.jpg
HE_000299,knn,11,1,10,0.090909,0.909091,1,10,0.909091,0.439497,False,no595.jpg|y1104.jpg|y1274.jpg|y195.jpg|y261.jpg|y353.jpg|y4.jpg|y422.jpg|y534.jpg|y568.jpg|y949.jpg
HE_000300,knn,11,3,8,0.272727,0.727273,1,8,0.727273,0.845351,False,no1229.jpg|no437.jpg|no498.jpg|y1032.jpg|y1128.jpg|y1203.jpg|y1279.jpg|y541.jpg|y655.jpg|y683.jpg|y949.jpg
HE_000301,knn,11,4,7,0.363636,0.636364,1,7,0.636364,0.945660,True,no370.jpg|no876.jpg|no896.jpg|no901.jpg|y1010.jpg|y1199.jpg|y1287.jpg|y357.jpg|y551.jpg|y712.jpg|y920.jpg
HE_000302,knn,11,3,8,0.272727,0.727273,1,8,0.727273,0.845351,False,no532.jpg|no766.jpg|no809.jpg|y100.jpg|y1162.jpg|y1242.jpg|y1293.jpg|y1447.jpg|y744.jpg|y868.jpg|y942.jpg
HE_000303,knn,11,5,6,0.454545,0.545455,1,6,0.545455,0.994030,True,no1067.jpg|no1268.jpg|no164.jpg|no390.jpg|no563.jpg|y1299.jpg|y132.jpg|y1495.jpg|y750.jpg|y779.jpg|y877.jpg
HE_000304,knn,11,3,8,0.272727,0.727273,1,8,0.727273,0.845351,False,no1446.jpg|no748.jpg|no899.jpg|y102.jpg|y1125.jpg|y130.jpg|y1337.jpg|y1346.jpg|y1484.jpg|y747.jpg|y777.jpg
HE_000305,knn,11,0,11,0.000000,1.000000,1,11,1.000000,0.000000,False,y117.jpg|y1172.jpg|y1303.jpg|y1386.jpg|y228.jpg|y63.jpg|y642.jpg|y819.jpg|y836.jpg|y874.jpg|y892.jpg
HE_000306,knn,11,9,2,0.818182,0.181818,0,9,0.818182,0.684038,False,no1257.jpg|no1269.jpg|no1274.jpg|no1276.jpg|no1321.jpg|no410.jpg|no442.jpg|no62.jpg|no854.jpg|y1307.jpg|y756.jpg
HE_000307,knn,11,4,7,0.363636,0.636364,1,7,0.636364,0.945660,True,no417.jpg|no720.jpg|no873.jpg|no930.jpg|y1257.jpg|y1309.jpg|y1401.jpg|y1431.jpg|y1461.jpg|y780.jpg|y915.jpg
HE_000308,knn,11,6,5,0.545455,0.454545,0,6,0.545455,0.994030,True,no1354.jpg|no198.jpg|no243.jpg|no587.jpg|no891.jpg|no901.jpg|y1228.jpg|y1315.jpg|y468.jpg|y59.jpg|y761.jpg
HE_000309,knn,11,1,10,0.090909,0.909091,1,10,0.909091,0.439497,False,no891.jpg|y1081.jpg|y1323.jpg|y154.jpg|y210.jpg|y291.jpg|y309.jpg|y473.jpg|y59.jpg|y678.jpg|y810.jpg
HE_000310,knn,11,3,8,0.272727,0.727273,1,8,0.727273,0.845351,False,no1418.jpg|no464.jpg|no885.jpg|y1080.jpg|y119.jpg|y1244.jpg|y1335.jpg|y734.jpg|y765.jpg|y90.jpg|y994.jpg
HE_000311,knn,11,6,5,0.545455,0.454545,0,6,0.545455,0.994030,True,no1446.jpg|no469.jpg|no588.jpg|no748.jpg|no784.jpg|no899.jpg|y1125.jpg|y130.jpg|y1337.jpg|y1484.jpg|y777.jpg
HE_000312,knn,11,6,5,0.545455,0.454545,0,6,0.545455,0.994030,True,no1226.jpg|no125.jpg|no1448.jpg|no493.jpg|no890.jpg|no899.jpg|y110.jpg|y1345.jpg|y1368.jpg|y748.jpg|y982.jpg
HE_000313,knn,11,4,7,0.363636,0.636364,1,7,0.636364,0.945660,True,no143.jpg|no162.jpg|no257.jpg|no359.jpg|y130.jpg|y1337.jpg|y1346.jpg|y1484.jpg|y747.jpg|y777.jpg|y982.jpg
HE_000314,knn,11,0,11,0.000000,1.000000,1,11,1.000000,0.000000,False,y1126.jpg|y1182.jpg|y1222.jpg|y126.jpg|y1352.jpg|y210.jpg|y243.jpg|y377.jpg|y64.jpg|y71.jpg|y810.jpg
HE_000315,knn,11,3,8,0.272727,0.727273,1,8,0.727273,0.845351,False,no1147.jpg|no294.jpg|no328.jpg|y1182.jpg|y1227.jpg|y1359.jpg|y1438.jpg|y527.jpg|y604.jpg|y702.jpg|y71.jpg
HE_000316,knn,11,5,6,0.454545,0.545455,1,6,0.545455,0.994030,True,no404.jpg|no448.jpg|no497.jpg|no552.jpg|no786.jpg|y136.jpg|y1496.jpg|y77.jpg|y794.jpg|y881.jpg|y889.jpg
HE_000317,knn,11,10,1,0.909091,0.090909,0,10,0.909091,0.439497,False,no1023.jpg|no1443.jpg|no156.jpg|no159.jpg|no33.jpg|no411.jpg|no47.jpg|no84.jpg|no933.jpg|no952.jpg|y1366.jpg
HE_000318,knn,11,9,2,0.818182,0.181818,0,9,0.818182,0.684038,False,no1005.jpg|no1328.jpg|no1499.jpg|no361.jpg|no392.jpg|no402.jpg|no508.jpg|no68.jpg|no858.jpg|y1381.jpg|y731.jpg
HE_000319,knn,11,1,10,0.090909,0.909091,1,10,0.909091,0.439497,False,no547.jpg|y117.jpg|y1172.jpg|y1303.jpg|y1386.jpg|y228.jpg|y642.jpg|y819.jpg|y836.jpg|y874.jpg|y892.jpg
HE_000320,knn,11,4,7,0.363636,0.636364,1,7,0.636364,0.945660,True,no417.jpg|no713.jpg|no873.jpg|no930.jpg|y1192.jpg|y1309.jpg|y1401.jpg|y1431.jpg|y1461.jpg|y54.jpg|y915.jpg
HE_000321,knn,11,2,9,0.181818,0.818182,1,9,0.818182,0.684038,False,no417.jpg|no720.jpg|y1257.jpg|y1309.jpg|y1401.jpg|y1430.jpg|y1431.jpg|y201.jpg|y363.jpg|y476.jpg|y557.jpg
HE_000322,knn,11,3,8,0.272727,0.727273,1,8,0.727273,0.845351,False,no211.jpg|no544.jpg|no876.jpg|y1069.jpg|y1136.jpg|y1203.jpg|y1232.jpg|y1435.jpg|y216.jpg|y298.jpg|y909.jpg
HE_000323,knn,11,4,7,0.363636,0.636364,1,7,0.636364,0.945660,True,no1262.jpg|no1294.jpg|no294.jpg|no328.jpg|y1176.jpg|y1182.jpg|y1227.jpg|y1359.jpg|y1438.jpg|y702.jpg|y743.jpg
HE_000324,knn,11,4,7,0.363636,0.636364,1,7,0.636364,0.945660,True,no120.jpg|no532.jpg|no766.jpg|no87.jpg|y100.jpg|y1242.jpg|y1293.jpg|y1447.jpg|y1468.jpg|y744.jpg|y868.jpg
HE_000325,knn,11,1,10,0.090909,0.909091,1,10,0.909091,0.439497,False,no259.jpg|y1448.jpg|y243.jpg|y255.jpg|y334.jpg|y377.jpg|y527.jpg|y604.jpg|y686.jpg|y71.jpg|y711.jpg
HE_000326,knn,11,5,6,0.454545,0.545455,1,6,0.545455,0.994030,True,no1025.jpg|no417.jpg|no713.jpg|no873.jpg|no930.jpg|y1197.jpg|y1461.jpg|y54.jpg|y698.jpg|y780.jpg|y915.jpg
HE_000327,knn,11,7,4,0.636364,0.363636,0,7,0.636364,0.945660,True,no1179.jpg|no120.jpg|no391.jpg|no432.jpg|no740.jpg|no856.jpg|no87.jpg|y1266.jpg|y1351.jpg|y1447.jpg|y1468.jpg
HE_000328,knn,11,9,2,0.818182,0.181818,0,9,0.818182,0.684038,False,no1126.jpg|no1226.jpg|no125.jpg|no1448.jpg|no469.jpg|no493.jpg|no588.jpg|no890.jpg|no899.jpg|y1337.jpg|y1484.jpg
HE_000329,knn,11,4,7,0.363636,0.636364,1,7,0.636364,0.945660,True,no1335.jpg|no1349.jpg|no637.jpg|no651.jpg|y149.jpg|y154.jpg|y213.jpg|y291.jpg|y297.jpg|y471.jpg|y564.jpg
HE_000330,knn,11,4,7,0.363636,0.636364,1,7,0.636364,0.945660,True,no1268.jpg|no390.jpg|no44.jpg|no564.jpg|y1299.jpg|y1495.jpg|y65.jpg|y706.jpg|y750.jpg|y779.jpg|y877.jpg
HE_000331,knn,11,6,5,0.545455,0.454545,0,6,0.545455,0.994030,True,no151.jpg|no404.jpg|no448.jpg|no497.jpg|no552.jpg|no786.jpg|y136.jpg|y1496.jpg|y77.jpg|y881.jpg|y889.jpg
HE_000332,knn,11,2,9,0.181818,0.818182,1,9,0.818182,0.684038,False,no218.jpg|no637.jpg|y149.jpg|y154.jpg|y213.jpg|y230.jpg|y291.jpg|y297.jpg|y471.jpg|y678.jpg|y910.jpg
HE_000333,knn,11,2,9,0.181818,0.818182,1,9,0.818182,0.684038,False,no1435.jpg|no233.jpg|y16.jpg|y187.jpg|y218.jpg|y250.jpg|y340.jpg|y38.jpg|y481.jpg|y539.jpg|y630.jpg
HE_000334,knn,11,7,4,0.636364,0.363636,0,7,0.636364,0.945660,True,no1278.jpg|no1423.jpg|no220.jpg|no245.jpg|no359.jpg|no373.jpg|no801.jpg|y169.jpg|y327.jpg|y502.jpg|y645.jpg
HE_000335,knn,11,3,8,0.272727,0.727273,1,8,0.727273,0.845351,False,no188.jpg|no723.jpg|no779.jpg|y1271.jpg|y17.jpg|y218.jpg|y3.jpg|y38.jpg|y380.jpg|y426.jpg|y607.jpg
HE_000336,knn,11,0,11,0.000000,1.000000,1,11,1.000000,0.000000,False,y16.jpg|y187.jpg|y218.jpg|y250.jpg|y340.jpg|y346.jpg|y538.jpg|y539.jpg|y607.jpg|y612.jpg|y630.jpg
HE_000337,knn,11,2,9,0.181818,0.818182,1,9,0.818182,0.684038,False,no675.jpg|no925.jpg|y188.jpg|y252.jpg|y283.jpg|y302.jpg|y374.jpg|y428.jpg|y431.jpg|y452.jpg|y490.jpg
HE_000338,knn,11,2,9,0.181818,0.818182,1,9,0.818182,0.684038,False,no265.jpg|no637.jpg|y1150.jpg|y189.jpg|y332.jpg|y460.jpg|y471.jpg|y535.jpg|y545.jpg|y564.jpg|y662.jpg
HE_000339,knn,11,2,9,0.181818,0.818182,1,9,0.818182,0.684038,False,no1435.jpg|no595.jpg|y1104.jpg|y1274.jpg|y195.jpg|y261.jpg|y353.jpg|y4.jpg|y534.jpg|y568.jpg|y949.jpg
HE_000340,knn,11,2,9,0.181818,0.818182,1,9,0.818182,0.684038,False,no417.jpg|no720.jpg|y1257.jpg|y1309.jpg|y1430.jpg|y1431.jpg|y159.jpg|y201.jpg|y363.jpg|y476.jpg|y557.jpg
HE_000341,knn,11,0,11,0.000000,1.000000,1,11,1.000000,0.000000,False,y1081.jpg|y1176.jpg|y1222.jpg|y126.jpg|y1352.jpg|y210.jpg|y309.jpg|y64.jpg|y678.jpg|y685.jpg|y810.jpg
HE_000342,knn,11,3,8,0.272727,0.727273,1,8,0.727273,0.845351,False,no1335.jpg|no1349.jpg|no651.jpg|y149.jpg|y154.jpg|y213.jpg|y291.jpg|y297.jpg|y349.jpg|y517.jpg|y564.jpg
HE_000343,knn,11,7,4,0.636364,0.363636,0,7,0.636364,0.945660,True,no1029.jpg|no1346.jpg|no507.jpg|no758.jpg|no759.jpg|no948.jpg|no949.jpg|y1212.jpg|y214.jpg|y712.jpg|y76.jpg
HE_000344,knn,11,2,9,0.181818,0.818182,1,9,0.818182,0.684038,False,no1229.jpg|no544.jpg|y1069.jpg|y1203.jpg|y1279.jpg|y1435.jpg|y216.jpg|y298.jpg|y353.jpg|y541.jpg|y909.jpg
HE_000345,knn,11,2,9,0.181818,0.818182,1,9,0.818182,0.684038,False,no188.jpg|no779.jpg|y1078.jpg|y1178.jpg|y17.jpg|y218.jpg|y38.jpg|y426.jpg|y6.jpg|y607.jpg|y992.jpg
HE_000346,knn,11,1,10,0.090909,0.909091,1,10,0.909091,0.439497,False,no547.jpg|y117.jpg|y1172.jpg|y1303.jpg|y1386.jpg|y228.jpg|y301.jpg|y642.jpg|y819.jpg|y874.jpg|y892.jpg
HE_000347,knn,11,4,7,0.363636,0.636364,1,7,0.636364,0.945660,True,no1161.jpg|no1429.jpg|no218.jpg|no910.jpg|y154.jpg|y230.jpg|y297.jpg|y403.jpg|y513.jpg|y524.jpg|y599.jpg
HE_000348,knn,11,7,4,0.636364,0.363636,0,7,0.636364,0.945660,True,no1043.jpg|no1437.jpg|no329.jpg|no330.jpg|no494.jpg|no776.jpg|no920.jpg|y1016.jpg|y1109.jpg|y1153.jpg|y242.jpg
HE_000349,knn,11,2,9,0.181818,0.818182,1,9,0.818182,0.684038,False,no1384.jpg|no638.jpg|y1448.jpg|y181.jpg|y243.jpg|y391.jpg|y446.jpg|y524.jpg|y599.jpg|y686.jpg|y711.jpg
HE_000350,knn,11,4,7,0.363636,0.636364,1,7,0.636364,0.945660,True,no1164.jpg|no638.jpg|no675.jpg|no925.jpg|y188.jpg|y252.jpg|y283.jpg|y302.jpg|y428.jpg|y452.jpg|y490.jpg
HE_000351,knn,11,5,6,0.454545,0.545455,1,6,0.545455,0.994030,True,no1147.jpg|no1164.jpg|no1178.jpg|no1372.jpg|no626.jpg|y1448.jpg|y255.jpg|y334.jpg|y527.jpg|y604.jpg|y711.jpg
HE_000352,knn,11,3,8,0.272727,0.727273,1,8,0.727273,0.845351,False,no1178.jpg|no473.jpg|no626.jpg|y188.jpg|y252.jpg|y255.jpg|y283.jpg|y386.jpg|y452.jpg|y582.jpg|y617.jpg
HE_000353,knn,11,4,7,0.363636,0.636364,1,7,0.636364,0.945660,True,no1335.jpg|no1349.jpg|no218.jpg|no651.jpg|y149.jpg|y154.jpg|y213.jpg|y291.jpg|y297.jpg|y349.jpg|y473.jpg
HE_000354,knn,11,4,7,0.363636,0.636364,1,7,0.636364,0.945660,True,no1335.jpg|no1349.jpg|no218.jpg|no651.jpg|y149.jpg|y154.jpg|y213.jpg|y230.jpg|y291.jpg|y297.jpg|y349.jpg
HE_000355,knn,11,3,8,0.272727,0.727273,1,8,0.727273,0.845351,False,no1229.jpg|no498.jpg|no544.jpg|y1069.jpg|y1203.jpg|y1435.jpg|y216.jpg|y298.jpg|y353.jpg|y541.jpg|y909.jpg
HE_000356,knn,11,3,8,0.272727,0.727273,1,8,0.727273,0.845351,False,no198.jpg|no637.jpg|no894.jpg|y299.jpg|y402.jpg|y468.jpg|y471.jpg|y473.jpg|y545.jpg|y556.jpg|y626.jpg
HE_000357,knn,11,4,7,0.363636,0.636364,1,7,0.636364,0.945660,True,no188.jpg|no195.jpg|no723.jpg|no779.jpg|y1271.jpg|y17.jpg|y218.jpg|y3.jpg|y380.jpg|y426.jpg|y607.jpg
HE_000358,knn,11,1,10,0.090909,0.909091,1,10,0.909091,0.439497,False,no547.jpg|y1155.jpg|y228.jpg|y301.jpg|y318.jpg|y54.jpg|y582.jpg|y642.jpg|y649.jpg|y819.jpg|y874.jpg
HE_000359,knn,11,3,8,0.272727,0.727273,1,8,0.727273,0.845351,False,no249.jpg|no675.jpg|no925.jpg|y188.jpg|y252.jpg|y302.jpg|y374.jpg|y428.jpg|y431.jpg|y452.jpg|y490.jpg
HE_000360,knn,11,4,7,0.363636,0.636364,1,7,0.636364,0.945660,True,no1262.jpg|no1354.jpg|no587.jpg|no891.jpg|y1081.jpg|y1228.jpg|y1315.jpg|y1323.jpg|y210.jpg|y309.jpg|y59.jpg
HE_000361,knn,11,3,8,0.272727,0.727273,1,8,0.727273,0.845351,False,no1025.jpg|no473.jpg|no713.jpg|y1155.jpg|y301.jpg|y318.jpg|y54.jpg|y582.jpg|y642.jpg|y649.jpg|y698.jpg
HE_000362,knn,11,1,10,0.090909,0.909091,1,10,0.909091,0.439497,False,no1147.jpg|y326.jpg|y377.jpg|y427.jpg|y449.jpg|y527.jpg|y590.jpg|y604.jpg|y686.jpg|y711.jpg|y874.jpg
HE_000363,knn,11,2,9,0.181818,0.818182,1,9,0.818182,0.684038,False,no245.jpg|no801.jpg|y1078.jpg|y169.jpg|y327.jpg|y440.jpg|y502.jpg|y570.jpg|y645.jpg|y798.jpg|y992.jpg
HE_000364,knn,11,2,9,0.181818,0.818182,1,9,0.818182,0.684038,False,no265.jpg|no637.jpg|y149.jpg|y189.jpg|y332.jpg|y460.jpg|y471.jpg|y545.jpg|y564.jpg|y626.jpg|y662.jpg
HE_000365,knn,11,3,8,0.272727,0.727273,1,8,0.727273,0.845351,False,no1178.jpg|no1372.jpg|no626.jpg|y1448.jpg|y255.jpg|y334.jpg|y377.jpg|y527.jpg|y604.jpg|y686.jpg|y711.jpg
HE_000366,knn,11,1,10,0.090909,0.909091,1,10,0.909091,0.439497,False,no233.jpg|y16.jpg|y187.jpg|y250.jpg|y340.jpg|y346.jpg|y481.jpg|y538.jpg|y539.jpg|y612.jpg|y630.jpg
HE_000367,knn,11,0,11,0.000000,1.000000,1,11,1.000000,0.000000,False,y16.jpg|y187.jpg|y250.jpg|y340.jpg|y346.jpg|y426.jpg|y481.jpg|y538.jpg|y539.jpg|y612.jpg|y630.jpg
HE_000368,knn,11,5,6,0.454545,0.545455,1,6,0.545455,0.994030,True,no1335.jpg|no1349.jpg|no1441.jpg|no627.jpg|no651.jpg|y213.jpg|y291.jpg|y297.jpg|y349.jpg|y517.jpg|y658.jpg
HE_000369,knn,11,3,8,0.272727,0.727273,1,8,0.727273,0.845351,False,no1229.jpg|no437.jpg|no498.jpg|y1032.jpg|y1128.jpg|y216.jpg|y298.jpg|y353.jpg|y373.jpg|y568.jpg|y949.jpg
HE_000370,knn,11,3,8,0.272727,0.727273,1,8,0.727273,0.845351,False,no370.jpg|no896.jpg|no901.jpg|y1136.jpg|y1199.jpg|y1287.jpg|y1315.jpg|y357.jpg|y468.jpg|y551.jpg|y712.jpg
HE_000371,knn,11,4,7,0.363636,0.636364,1,7,0.636364,0.945660,True,no183.jpg|no226.jpg|no240.jpg|no595.jpg|y36.jpg|y390.jpg|y397.jpg|y481.jpg|y521.jpg|y535.jpg|y584.jpg
HE_000372,knn,11,0,11,0.000000,1.000000,1,11,1.000000,0.000000,False,y1192.jpg|y1430.jpg|y283.jpg|y363.jpg|y386.jpg|y476.jpg|y557.jpg|y582.jpg|y617.jpg|y620.jpg|y895.jpg
HE_000373,knn,11,2,9,0.181818,0.818182,1,9,0.818182,0.684038,False,no260.jpg|no365.jpg|y1104.jpg|y298.jpg|y353.jpg|y373.jpg|y568.jpg|y616.jpg|y635.jpg|y683.jpg|y949.jpg
HE_000374,knn,11,6,5,0.545455,0.454545,0,6,0.545455,0.994030,True,no1384.jpg|no249.jpg|no638.jpg|no675.jpg|no906.jpg|no925.jpg|y374.jpg|y391.jpg|y403.jpg|y431.jpg|y524.jpg
HE_000375,knn,11,1,10,0.090909,0.909091,1,10,0.909091,0.439497,False,no1147.jpg|y1182.jpg|y1352.jpg|y1448.jpg|y255.jpg|y334.jpg|y377.jpg|y449.jpg|y527.jpg|y686.jpg|y711.jpg
HE_000376,knn,11,4,7,0.363636,0.636364,1,7,0.636364,0.945660,True,no1367.jpg|no188.jpg|no590.jpg|no97.jpg|y1078.jpg|y1178.jpg|y218.jpg|y38.jpg|y426.jpg|y6.jpg|y992.jpg
HE_000377,knn,11,5,6,0.454545,0.545455,1,6,0.545455,0.994030,True,no1234.jpg|no1378.jpg|no208.jpg|no272.jpg|no651.jpg|y385.jpg|y422.jpg|y517.jpg|y545.jpg|y616.jpg|y726.jpg
HE_000378,knn,11,1,10,0.090909,0.909091,1,10,0.909091,0.439497,False,no473.jpg|y1155.jpg|y1192.jpg|y301.jpg|y318.jpg|y386.jpg|y427.jpg|y582.jpg|y649.jpg|y874.jpg|y991.jpg
HE_000379,knn,11,2,9,0.181818,0.818182,1,9,0.818182,0.684038,False,no265.jpg|no595.jpg|y1104.jpg|y1150.jpg|y390.jpg|y4.jpg|y422.jpg|y460.jpg|y534.jpg|y535.jpg|y584.jpg
HE_000380,knn,11,3,8,0.272727,0.727273,1,8,0.727273,0.845351,False,no1384.jpg|no638.jpg|no906.jpg|y1030.jpg|y181.jpg|y243.jpg|y391.jpg|y403.jpg|y446.jpg|y524.jpg|y599.jpg
HE_000381,knn,11,5,6,0.454545,0.545455,1,6,0.545455,0.994030,True,no1435.jpg|no183.jpg|no226.jpg|no240.jpg|no595.jpg|y36.jpg|y390.jpg|y397.jpg|y481.jpg|y521.jpg|y535.jpg
HE_000382,knn,11,1,10,0.090909,0.909091,1,10,0.909091,0.439497,False,no595.jpg|y1104.jpg|y1237.jpg|y1274.jpg|y353.jpg|y4.jpg|y422.jpg|y534.jpg|y568.jpg|y584.jpg|y949.jpg
HE_000383,knn,11,4,7,0.363636,0.636364,1,7,0.636364,0.945660,True,no198.jpg|no243.jpg|no637.jpg|no894.jpg|y299.jpg|y402.jpg|y468.jpg|y471.jpg|y473.jpg|y626.jpg|y910.jpg
HE_000384,knn,11,4,7,0.363636,0.636364,1,7,0.636364,0.945660,True,no1384.jpg|no1432.jpg|no259.jpg|no906.jpg|y181.jpg|y391.jpg|y403.jpg|y446.jpg|y513.jpg|y524.jpg|y599.jpg
HE_000385,knn,11,4,7,0.363636,0.636364,1,7,0.636364,0.945660,True,no1335.jpg|no260.jpg|no265.jpg|no651.jpg|y1104.jpg|y385.jpg|y422.jpg|y517.jpg|y564.jpg|y584.jpg|y616.jpg
HE_000386,knn,11,2,9,0.181818,0.818182,1,9,0.818182,0.684038,False,no188.jpg|no779.jpg|y1078.jpg|y1271.jpg|y17.jpg|y218.jpg|y3.jpg|y38.jpg|y380.jpg|y426.jpg|y607.jpg
HE_000387,knn,11,3,8,0.272727,0.727273,1,8,0.727273,0.845351,False,no1147.jpg|no473.jpg|no696.jpg|y255.jpg|y326.jpg|y334.jpg|y386.jpg|y427.jpg|y582.jpg|y711.jpg|y874.jpg
HE_000388,knn,11,6,5,0.545455,0.454545,0,6,0.545455,0.994030,True,no226.jpg|no240.jpg|no249.jpg|no675.jpg|no906.jpg|no925.jpg|y302.jpg|y428.jpg|y452.jpg|y490.jpg|y521.jpg
HE_000389,knn,11,4,7,0.363636,0.636364,1,7,0.636364,0.945660,True,no1165.jpg|no220.jpg|no373.jpg|no801.jpg|y169.jpg|y440.jpg|y46.jpg|y502.jpg|y570.jpg|y645.jpg|y798.jpg
HE_000390,knn,11,2,9,0.181818,0.818182,1,9,0.818182,0.684038,False,no1384.jpg|no638.jpg|y181.jpg|y243.jpg|y391.jpg|y403.jpg|y446.jpg|y513.jpg|y524.jpg|y599.jpg|y686.jpg
HE_000391,knn,11,0,11,0.000000,1.000000,1,11,1.000000,0.000000,False,y1182.jpg|y1448.jpg|y243.jpg|y326.jpg|y377.jpg|y449.jpg|y527.jpg|y590.jpg|y686.jpg|y71.jpg|y711.jpg
HE_000392,knn,11,4,7,0.363636,0.636364,1,7,0.636364,0.945660,True,no220.jpg|no437.jpg|no801.jpg|no97.jpg|y327.jpg|y440.jpg|y46.jpg|y502.jpg|y570.jpg|y798.jpg|y992.jpg
HE_000393,knn,11,2,9,0.181818,0.818182,1,9,0.818182,0.684038,False,no265.jpg|no637.jpg|y1150.jpg|y189.jpg|y332.jpg|y390.jpg|y460.jpg|y535.jpg|y545.jpg|y564.jpg|y662.jpg
HE_000394,knn,11,4,7,0.363636,0.636364,1,7,0.636364,0.945660,True,no198.jpg|no243.jpg|no891.jpg|no901.jpg|y1315.jpg|y357.jpg|y402.jpg|y468.jpg|y473.jpg|y551.jpg|y59.jpg
HE_000395,knn,11,1,10,0.090909,0.909091,1,10,0.909091,0.439497,False,no637.jpg|y149.jpg|y154.jpg|y299.jpg|y332.jpg|y402.jpg|y471.jpg|y473.jpg|y545.jpg|y626.jpg|y910.jpg
HE_000396,knn,11,3,8,0.272727,0.727273,1,8,0.727273,0.845351,False,no1349.jpg|no637.jpg|no651.jpg|y1315.jpg|y291.jpg|y299.jpg|y402.jpg|y468.jpg|y471.jpg|y473.jpg|y626.jpg
HE_000397,knn,11,2,9,0.181818,0.818182,1,9,0.818182,0.684038,False,no1435.jpg|no233.jpg|y16.jpg|y187.jpg|y250.jpg|y340.jpg|y36.jpg|y397.jpg|y481.jpg|y539.jpg|y630.jpg
HE_000398,knn,11,5,6,0.454545,0.545455,1,6,0.545455,0.994030,True,no226.jpg|no240.jpg|no249.jpg|no675.jpg|no925.jpg|y302.jpg|y374.jpg|y428.jpg|y452.jpg|y490.jpg|y521.jpg
HE_000399,knn,11,3,8,0.272727,0.727273,1,8,0.727273,0.845351,False,no220.jpg|no373.jpg|no801.jpg|y169.jpg|y440.jpg|y46.jpg|y502.jpg|y570.jpg|y645.jpg|y798.jpg|y992.jpg
HE_000400,knn,11,6,5,0.545455,0.454545,0,6,0.545455,0.994030,True,no1161.jpg|no1429.jpg|no1432.jpg|no256.jpg|no259.jpg|no906.jpg|y230.jpg|y403.jpg|y513.jpg|y524.jpg|y599.jpg
HE_000401,knn,11,7,4,0.636364,0.363636,0,7,0.636364,0.945660,True,no1335.jpg|no1349.jpg|no208.jpg|no260.jpg|no272.jpg|no627.jpg|no651.jpg|y517.jpg|y564.jpg|y658.jpg|y726.jpg
HE_000402,knn,11,7,4,0.636364,0.363636,0,7,0.636364,0.945660,True,no183.jpg|no226.jpg|no240.jpg|no249.jpg|no251.jpg|no675.jpg|no925.jpg|y390.jpg|y428.jpg|y521.jpg|y535.jpg
HE_000403,knn,11,4,7,0.363636,0.636364,1,7,0.636364,0.945660,True,no1384.jpg|no256.jpg|no259.jpg|no267.jpg|y181.jpg|y391.jpg|y403.jpg|y446.jpg|y513.jpg|y524.jpg|y599.jpg
HE_000404,knn,11,2,9,0.181818,0.818182,1,9,0.818182,0.684038,False,no1147.jpg|no696.jpg|y1182.jpg|y1359.jpg|y1448.jpg|y334.jpg|y377.jpg|y527.jpg|y604.jpg|y71.jpg|y711.jpg
HE_000405,knn,11,2,9,0.181818,0.818182,1,9,0.818182,0.684038,False,no1435.jpg|no595.jpg|y1104.jpg|y1274.jpg|y195.jpg|y261.jpg|y4.jpg|y422.jpg|y534.jpg|y568.jpg|y584.jpg
HE_000406,knn,11,1,10,0.090909,0.909091,1,10,0.909091,0.439497,False,no265.jpg|y1150.jpg|y189.jpg|y332.jpg|y390.jpg|y460.jpg|y535.jpg|y545.jpg|y564.jpg|y584.jpg|y662.jpg
HE_000407,knn,11,0,11,0.000000,1.000000,1,11,1.000000,0.000000,False,y16.jpg|y187.jpg|y218.jpg|y250.jpg|y340.jpg|y346.jpg|y426.jpg|y538.jpg|y539.jpg|y612.jpg|y630.jpg
HE_000408,knn,11,3,8,0.272727,0.727273,1,8,0.727273,0.845351,False,no1025.jpg|no547.jpg|no713.jpg|y1197.jpg|y1461.jpg|y301.jpg|y318.jpg|y54.jpg|y649.jpg|y698.jpg|y915.jpg
HE_000409,knn,11,4,7,0.363636,0.636364,1,7,0.636364,0.945660,True,no1229.jpg|no437.jpg|no498.jpg|no544.jpg|y1032.jpg|y1203.jpg|y1279.jpg|y216.jpg|y298.jpg|y541.jpg|y999.jpg
HE_000410,knn,11,3,8,0.272727,0.727273,1,8,0.727273,0.845351,False,no265.jpg|no637.jpg|no651.jpg|y189.jpg|y299.jpg|y332.jpg|y460.jpg|y471.jpg|y545.jpg|y564.jpg|y662.jpg
HE_000411,knn,11,3,8,0.272727,0.727273,1,8,0.727273,0.845351,False,no370.jpg|no896.jpg|no901.jpg|y1010.jpg|y1136.jpg|y1199.jpg|y1287.jpg|y357.jpg|y468.jpg|y551.jpg|y712.jpg
HE_000412,knn,11,4,7,0.363636,0.636364,1,7,0.636364,0.945660,True,no1335.jpg|no1349.jpg|no198.jpg|no651.jpg|y1315.jpg|y299.jpg|y402.jpg|y468.jpg|y473.jpg|y545.jpg|y556.jpg
HE_000413,knn,11,5,6,0.454545,0.545455,1,6,0.545455,0.994030,True,no1335.jpg|no1349.jpg|no265.jpg|no627.jpg|no651.jpg|y149.jpg|y213.jpg|y332.jpg|y422.jpg|y517.jpg|y564.jpg
HE_000414,knn,11,0,11,0.000000,1.000000,1,11,1.000000,0.000000,False,y1032.jpg|y1104.jpg|y1274.jpg|y353.jpg|y373.jpg|y4.jpg|y568.jpg|y616.jpg|y655.jpg|y683.jpg|y949.jpg
HE_000415,knn,11,2,9,0.181818,0.818182,1,9,0.818182,0.684038,False,no245.jpg|no801.jpg|y1128.jpg|y327.jpg|y440.jpg|y46.jpg|y502.jpg|y570.jpg|y655.jpg|y798.jpg|y992.jpg
HE_000416,knn,11,1,10,0.090909,0.909091,1,10,0.909091,0.439497,False,no473.jpg|y1155.jpg|y1192.jpg|y255.jpg|y301.jpg|y318.jpg|y386.jpg|y427.jpg|y582.jpg|y649.jpg|y874.jpg
HE_000417,knn,11,4,7,0.363636,0.636364,1,7,0.636364,0.945660,True,no1354.jpg|no1374.jpg|no587.jpg|no891.jpg|y1081.jpg|y1228.jpg|y1315.jpg|y309.jpg|y468.jpg|y59.jpg|y761.jpg
HE_000418,knn,11,3,8,0.272727,0.727273,1,8,0.727273,0.845351,False,no1384.jpg|no259.jpg|no267.jpg|y181.jpg|y243.jpg|y391.jpg|y403.jpg|y446.jpg|y513.jpg|y524.jpg|y599.jpg
HE_000419,knn,11,5,6,0.454545,0.545455,1,6,0.545455,0.994030,True,no1167.jpg|no1367.jpg|no220.jpg|no590.jpg|no97.jpg|y1078.jpg|y1178.jpg|y38.jpg|y46.jpg|y6.jpg|y992.jpg
HE_000420,knn,11,2,9,0.181818,0.818182,1,9,0.818182,0.684038,False,no1147.jpg|no696.jpg|y1182.jpg|y1359.jpg|y1448.jpg|y255.jpg|y334.jpg|y527.jpg|y604.jpg|y71.jpg|y711.jpg
HE_000421,knn,11,3,8,0.272727,0.727273,1,8,0.727273,0.845351,False,no188.jpg|no420.jpg|no779.jpg|y1078.jpg|y17.jpg|y218.jpg|y3.jpg|y38.jpg|y380.jpg|y426.jpg|y607.jpg
HE_000422,knn,11,0,11,0.000000,1.000000,1,11,1.000000,0.000000,False,y16.jpg|y17.jpg|y187.jpg|y250.jpg|y340.jpg|y346.jpg|y426.jpg|y538.jpg|y539.jpg|y612.jpg|y630.jpg
HE_000423,knn,11,3,8,0.272727,0.727273,1,8,0.727273,0.845351,False,no208.jpg|no260.jpg|no272.jpg|y373.jpg|y385.jpg|y422.jpg|y517.jpg|y568.jpg|y616.jpg|y635.jpg|y726.jpg
HE_000424,knn,11,0,11,0.000000,1.000000,1,11,1.000000,0.000000,False,y1192.jpg|y188.jpg|y252.jpg|y283.jpg|y363.jpg|y386.jpg|y476.jpg|y557.jpg|y617.jpg|y620.jpg|y895.jpg
HE_000425,knn,11,1,10,0.090909,0.909091,1,10,0.909091,0.439497,False,no473.jpg|y1192.jpg|y318.jpg|y386.jpg|y476.jpg|y582.jpg|y617.jpg|y620.jpg|y649.jpg|y895.jpg|y991.jpg
HE_000426,knn,11,1,10,0.090909,0.909091,1,10,0.909091,0.439497,False,no637.jpg|y149.jpg|y299.jpg|y332.jpg|y402.jpg|y468.jpg|y471.jpg|y473.jpg|y545.jpg|y626.jpg|y910.jpg
HE_000427,knn,11,4,7,0.363636,0.636364,1,7,0.636364,0.945660,True,no1042.jpg|no1147.jpg|no294.jpg|no328.jpg|y1182.jpg|y1227.jpg|y1438.jpg|y527.jpg|y63.jpg|y702.jpg|y743.jpg
HE_000428,knn,11,4,7,0.363636,0.636364,1,7,0.636364,0.945660,True,no1441.jpg|no208.jpg|no272.jpg|no365.jpg|y106.jpg|y517.jpg|y616.jpg|y635.jpg|y658.jpg|y726.jpg|y853.jpg
HE_000429,knn,11,3,8,0.272727,0.727273,1,8,0.727273,0.845351,False,no1116.jpg|no1161.jpg|no1429.jpg|y1126.jpg|y1222.jpg|y126.jpg|y210.jpg|y64.jpg|y678.jpg|y685.jpg|y810.jpg
HE_000430,knn,11,1,10,0.090909,0.909091,1,10,0.909091,0.439497,False,no547.jpg|y1155.jpg|y1172.jpg|y1303.jpg|y1386.jpg|y228.jpg|y301.jpg|y642.jpg|y819.jpg|y874.jpg|y892.jpg
HE_000431,knn,11,6,5,0.545455,0.454545,0,6,0.545455,0.994030,True,no1278.jpg|no1423.jpg|no220.jpg|no359.jpg|no373.jpg|no801.jpg|y169.jpg|y327.jpg|y440.jpg|y502.jpg|y645.jpg
HE_000432,knn,11,3,8,0.272727,0.727273,1,8,0.727273,0.845351,False,no1025.jpg|no473.jpg|no713.jpg|y1155.jpg|y1192.jpg|y301.jpg|y318.jpg|y54.jpg|y582.jpg|y649.jpg|y698.jpg
HE_000433,knn,11,3,8,0.272727,0.727273,1,8,0.727273,0.845351,False,no213.jpg|no479.jpg|no950.jpg|y1213.jpg|y125.jpg|y1495.jpg|y65.jpg|y706.jpg|y772.jpg|y867.jpg|y961.jpg
HE_000434,knn,11,3,8,0.272727,0.727273,1,8,0.727273,0.845351,False,no1229.jpg|no437.jpg|no498.jpg|y1032.jpg|y1128.jpg|y1279.jpg|y353.jpg|y568.jpg|y655.jpg|y683.jpg|y949.jpg
HE_000435,knn,11,6,5,0.545455,0.454545,0,6,0.545455,0.994030,True,no1335.jpg|no1441.jpg|no208.jpg|no272.jpg|no627.jpg|no651.jpg|y349.jpg|y517.jpg|y635.jpg|y658.jpg|y726.jpg
HE_000436,knn,11,5,6,0.454545,0.545455,1,6,0.545455,0.994030,True,no1346.jpg|no1454.jpg|no538.jpg|no631.jpg|no999.jpg|y214.jpg|y66.jpg|y76.jpg|y831.jpg|y871.jpg|y888.jpg
HE_000437,knn,11,3,8,0.272727,0.727273,1,8,0.727273,0.845351,False,no1116.jpg|no1429.jpg|no218.jpg|y126.jpg|y1323.jpg|y210.jpg|y309.jpg|y64.jpg|y678.jpg|y685.jpg|y810.jpg
HE_000438,knn,11,3,8,0.272727,0.727273,1,8,0.727273,0.845351,False,no1229.jpg|no437.jpg|no498.jpg|y1032.jpg|y1279.jpg|y216.jpg|y298.jpg|y353.jpg|y655.jpg|y683.jpg|y949.jpg
HE_000439,knn,11,3,8,0.272727,0.727273,1,8,0.727273,0.845351,False,no1116.jpg|no1161.jpg|no267.jpg|y1222.jpg|y126.jpg|y210.jpg|y64.jpg|y678.jpg|y685.jpg|y71.jpg|y810.jpg
HE_000440,knn,11,2,9,0.181818,0.818182,1,9,0.818182,0.684038,False,no1384.jpg|no638.jpg|y1448.jpg|y181.jpg|y243.jpg|y334.jpg|y377.jpg|y446.jpg|y449.jpg|y686.jpg|y711.jpg
HE_000441,knn,11,3,8,0.272727,0.727273,1,8,0.727273,0.845351,False,no1025.jpg|no547.jpg|no713.jpg|y1155.jpg|y1197.jpg|y301.jpg|y318.jpg|y54.jpg|y649.jpg|y698.jpg|y915.jpg
HE_000442,knn,11,5,6,0.454545,0.545455,1,6,0.545455,0.994030,True,no1262.jpg|no1294.jpg|no1311.jpg|no294.jpg|no328.jpg|y1176.jpg|y1227.jpg|y1359.jpg|y1438.jpg|y702.jpg|y743.jpg
HE_000443,knn,11,3,8,0.272727,0.727273,1,8,0.727273,0.845351,False,no213.jpg|no479.jpg|no950.jpg|y1087.jpg|y1213.jpg|y125.jpg|y1495.jpg|y65.jpg|y706.jpg|y772.jpg|y867.jpg
HE_000444,knn,11,1,10,0.090909,0.909091,1,10,0.909091,0.439497,False,no1147.jpg|y1182.jpg|y126.jpg|y1359.jpg|y1448.jpg|y527.jpg|y604.jpg|y64.jpg|y685.jpg|y71.jpg|y711.jpg
HE_000445,knn,11,1,10,0.090909,0.909091,1,10,0.909091,0.439497,False,no1147.jpg|y1448.jpg|y243.jpg|y255.jpg|y334.jpg|y377.jpg|y527.jpg|y604.jpg|y686.jpg|y71.jpg|y711.jpg
HE_000446,knn,11,4,7,0.363636,0.636364,1,7,0.636364,0.945660,True,no891.jpg|no896.jpg|no901.jpg|no949.jpg|y106.jpg|y1287.jpg|y214.jpg|y357.jpg|y551.jpg|y712.jpg|y853.jpg
HE_000447,knn,11,7,4,0.636364,0.363636,0,7,0.636364,0.945660,True,no1067.jpg|no164.jpg|no26.jpg|no390.jpg|no448.jpg|no563.jpg|no786.jpg|y1299.jpg|y132.jpg|y728.jpg|y889.jpg
HE_000448,knn,11,7,4,0.636364,0.363636,0,7,0.636364,0.945660,True,no1043.jpg|no1437.jpg|no296.jpg|no329.jpg|no494.jpg|no776.jpg|no82.jpg|y1016.jpg|y1153.jpg|y730.jpg|y731.jpg
HE_000449,knn,11,0,11,0.000000,1.000000,1,11,1.000000,0.000000,False,y1013.jpg|y1047.jpg|y1080.jpg|y119.jpg|y1213.jpg|y1244.jpg|y1335.jpg|y734.jpg|y765.jpg|y90.jpg|y994.jpg
HE_000450,knn,11,1,10,0.090909,0.909091,1,10,0.909091,0.439497,False,no7.jpg|y1027.jpg|y1087.jpg|y1096.jpg|y124.jpg|y125.jpg|y706.jpg|y740.jpg|y772.jpg|y870.jpg|y913.jpg
HE_000451,knn,11,9,2,0.818182,0.181818,0,9,0.818182,0.684038,False,no1168.jpg|no1443.jpg|no33.jpg|no411.jpg|no431.jpg|no65.jpg|no816.jpg|no9.jpg|no933.jpg|y1366.jpg|y741.jpg
HE_000452,knn,11,9,2,0.818182,0.181818,0,9,0.818182,0.684038,False,No15.jpg|no1042.jpg|no1221.jpg|no294.jpg|no328.jpg|no421.jpg|no533.jpg|no733.jpg|no797.jpg|y1462.jpg|y743.jpg
HE_000453,knn,11,3,8,0.272727,0.727273,1,8,0.727273,0.845351,False,no532.jpg|no766.jpg|no809.jpg|y100.jpg|y1063.jpg|y1162.jpg|y1242.jpg|y1293.jpg|y1447.jpg|y744.jpg|y942.jpg
HE_000454,knn,11,3,8,0.272727,0.727273,1,8,0.727273,0.845351,False,no1446.jpg|no151.jpg|no497.jpg|y102.jpg|y110.jpg|y130.jpg|y1345.jpg|y747.jpg|y777.jpg|y926.jpg|y982.jpg
HE_000455,knn,11,7,4,0.636364,0.363636,0,7,0.636364,0.945660,True,no1226.jpg|no125.jpg|no1448.jpg|no493.jpg|no554.jpg|no890.jpg|no899.jpg|y110.jpg|y1345.jpg|y1368.jpg|y748.jpg
HE_000456,knn,11,5,6,0.454545,0.545455,1,6,0.545455,0.994030,True,no1268.jpg|no390.jpg|no44.jpg|no563.jpg|no564.jpg|y1299.jpg|y132.jpg|y1495.jpg|y750.jpg|y779.jpg|y877.jpg
HE_000457,knn,11,5,6,0.454545,0.545455,1,6,0.545455,0.994030,True,no1257.jpg|no30.jpg|no52.jpg|no538.jpg|no7.jpg|y1027.jpg|y752.jpg|y831.jpg|y870.jpg|y871.jpg|y888.jpg
HE_000458,knn,11,9,2,0.818182,0.181818,0,9,0.818182,0.684038,False,no1263.jpg|no1329.jpg|no1418.jpg|no394.jpg|no464.jpg|no821.jpg|no904.jpg|no932.jpg|no959.jpg|y109.jpg|y754.jpg
HE_000459,knn,11,9,2,0.818182,0.181818,0,9,0.818182,0.684038,False,no1269.jpg|no1274.jpg|no1276.jpg|no1321.jpg|no410.jpg|no442.jpg|no444.jpg|no62.jpg|no854.jpg|y1307.jpg|y756.jpg
HE_000460,knn,11,9,2,0.818182,0.181818,0,9,0.818182,0.684038,False,no1179.jpg|no1315.jpg|no163.jpg|no391.jpg|no432.jpg|no68.jpg|no740.jpg|no824.jpg|no856.jpg|y1351.jpg|y758.jpg
HE_000461,knn,11,9,2,0.818182,0.181818,0,9,0.818182,0.684038,False,no1029.jpg|no1130.jpg|no1274.jpg|no507.jpg|no758.jpg|no759.jpg|no854.jpg|no948.jpg|no949.jpg|y214.jpg|y76.jpg
HE_000462,knn,11,5,6,0.454545,0.545455,1,6,0.545455,0.994030,True,no1262.jpg|no1354.jpg|no1374.jpg|no587.jpg|no891.jpg|y1081.jpg|y1228.jpg|y1315.jpg|y309.jpg|y59.jpg|y761.jpg
HE_000463,knn,11,1,10,0.090909,0.909091,1,10,0.909091,0.439497,False,no885.jpg|y1013.jpg|y1080.jpg|y119.jpg|y1213.jpg|y1244.jpg|y1335.jpg|y734.jpg|y765.jpg|y90.jpg|y994.jpg
HE_000464,knn,11,5,6,0.454545,0.545455,1,6,0.545455,0.994030,True,no151.jpg|no404.jpg|no448.jpg|no497.jpg|no786.jpg|y136.jpg|y1496.jpg|y77.jpg|y881.jpg|y889.jpg|y926.jpg
HE_000465,knn,11,0,11,0.000000,1.000000,1,11,1.000000,0.000000,False,y1027.jpg|y1096.jpg|y124.jpg|y125.jpg|y65.jpg|y706.jpg|y772.jpg|y831.jpg|y867.jpg|y870.jpg|y913.jpg
HE_000466,knn,11,4,7,0.363636,0.636364,1,7,0.636364,0.945660,True,no143.jpg|no1446.jpg|no748.jpg|no899.jpg|y1125.jpg|y130.jpg|y1337.jpg|y1346.jpg|y1484.jpg|y747.jpg|y777.jpg
HE_000467,knn,11,6,5,0.545455,0.454545,0,6,0.545455,0.994030,True,no1025.jpg|no417.jpg|no547.jpg|no713.jpg|no873.jpg|no930.jpg|y1197.jpg|y1461.jpg|y54.jpg|y780.jpg|y915.jpg
HE_000468,knn,11,4,7,0.363636,0.636364,1,7,0.636364,0.945660,True,no538.jpg|no876.jpg|no896.jpg|no999.jpg|y1027.jpg|y66.jpg|y712.jpg|y752.jpg|y793.jpg|y831.jpg|y870.jpg
HE_000469,knn,11,6,5,0.545455,0.454545,0,6,0.545455,0.994030,True,no1011.jpg|no1253.jpg|no448.jpg|no497.jpg|no742.jpg|no786.jpg|y136.jpg|y1496.jpg|y77.jpg|y794.jpg|y889.jpg
HE_000470,knn,11,3,8,0.272727,0.727273,1,8,0.727273,0.845351,False,no220.jpg|no245.jpg|no801.jpg|y1078.jpg|y327.jpg|y440.jpg|y46.jpg|y502.jpg|y570.jpg|y798.jpg|y992.jpg
HE_000471,knn,11,3,8,0.272727,0.727273,1,8,0.727273,0.845351,False,no1116.jpg|no1429.jpg|no267.jpg|y1126.jpg|y1222.jpg|y126.jpg|y210.jpg|y64.jpg|y678.jpg|y685.jpg|y810.jpg
HE_000472,knn,11,7,4,0.636364,0.363636,0,7,0.636364,0.945660,True,no1211.jpg|no288.jpg|no298.jpg|no305.jpg|no308.jpg|no331.jpg|no734.jpg|y1112.jpg|y56.jpg|y811.jpg|y979.jpg
HE_000473,knn,11,1,10,0.090909,0.909091,1,10,0.909091,0.439497,False,no547.jpg|y1172.jpg|y1303.jpg|y1386.jpg|y228.jpg|y301.jpg|y642.jpg|y819.jpg|y836.jpg|y874.jpg|y892.jpg
HE_000474,knn,11,3,8,0.272727,0.727273,1,8,0.727273,0.845351,False,no538.jpg|no7.jpg|no999.jpg|y1027.jpg|y124.jpg|y752.jpg|y772.jpg|y831.jpg|y870.jpg|y871.jpg|y888.jpg
HE_000475,knn,11,1,10,0.090909,0.909091,1,10,0.909091,0.439497,False,no547.jpg|y117.jpg|y1172.jpg|y1303.jpg|y1386.jpg|y228.jpg|y301.jpg|y642.jpg|y819.jpg|y836.jpg|y892.jpg
HE_000476,knn,11,6,5,0.545455,0.454545,0,6,0.545455,0.994030,True,no1441.jpg|no208.jpg|no272.jpg|no365.jpg|no622.jpg|no896.jpg|y106.jpg|y635.jpg|y712.jpg|y726.jpg|y853.jpg
HE_000477,knn,11,5,6,0.454545,0.545455,1,6,0.545455,0.994030,True,no213.jpg|no390.jpg|no479.jpg|no672.jpg|no950.jpg|y125.jpg|y1495.jpg|y65.jpg|y706.jpg|y772.jpg|y867.jpg
HE_000478,knn,11,8,3,0.727273,0.272727,0,8,0.727273,0.845351,False,no1037.jpg|no1241.jpg|no280.jpg|no719.jpg|no728.jpg|no766.jpg|no955.jpg|no995.jpg|y1447.jpg|y744.jpg|y868.jpg
HE_000479,knn,11,0,11,0.000000,1.000000,1,11,1.000000,0.000000,False,y1015.jpg|y1027.jpg|y1087.jpg|y1096.jpg|y124.jpg|y752.jpg|y772.jpg|y831.jpg|y870.jpg|y888.jpg|y913.jpg
HE_000480,knn,11,7,4,0.636364,0.363636,0,7,0.636364,0.945660,True,no1454.jpg|no30.jpg|no538.jpg|no758.jpg|no759.jpg|no948.jpg|no999.jpg|y1027.jpg|y752.jpg|y831.jpg|y871.jpg
HE_000481,knn,11,1,10,0.090909,0.909091,1,10,0.909091,0.439497,False,no696.jpg|y1155.jpg|y1303.jpg|y228.jpg|y301.jpg|y326.jpg|y427.jpg|y63.jpg|y642.jpg|y819.jpg|y874.jpg
HE_000482,knn,11,8,3,0.727273,0.272727,0,8,0.727273,0.845351,False,no1043.jpg|no1328.jpg|no1499.jpg|no353.jpg|no392.jpg|no402.jpg|no776.jpg|no858.jpg|y1266.jpg|y731.jpg|y876.jpg
HE_000483,knn,11,6,5,0.545455,0.454545,0,6,0.545455,0.994030,True,no1040.jpg|no151.jpg|no404.jpg|no497.jpg|no552.jpg|no959.jpg|y136.jpg|y1496.jpg|y77.jpg|y881.jpg|y889.jpg
HE_000484,knn,11,6,5,0.545455,0.454545,0,6,0.545455,0.994030,True,No19.jpg|no1092.jpg|no1346.jpg|no538.jpg|no631.jpg|no7.jpg|y1027.jpg|y752.jpg|y831.jpg|y870.jpg|y888.jpg
HE_000485,knn,11,6,5,0.545455,0.454545,0,6,0.545455,0.994030,True,no1040.jpg|no26.jpg|no448.jpg|no497.jpg|no786.jpg|no959.jpg|y136.jpg|y1496.jpg|y77.jpg|y881.jpg|y889.jpg
HE_000486,knn,11,5,6,0.454545,0.545455,1,6,0.545455,0.994030,True,No13.jpg|no1296.jpg|no479.jpg|no672.jpg|no950.jpg|y1049.jpg|y1080.jpg|y1087.jpg|y124.jpg|y890.jpg|y913.jpg
HE_000487,knn,11,1,10,0.090909,0.909091,1,10,0.909091,0.439497,False,no473.jpg|y1192.jpg|y363.jpg|y386.jpg|y476.jpg|y557.jpg|y582.jpg|y617.jpg|y620.jpg|y895.jpg|y991.jpg
HE_000488,knn,11,1,10,0.090909,0.909091,1,10,0.909091,0.439497,False,no1040.jpg|y1013.jpg|y1047.jpg|y119.jpg|y1213.jpg|y1244.jpg|y1335.jpg|y734.jpg|y765.jpg|y90.jpg|y994.jpg
HE_000489,knn,11,2,9,0.181818,0.818182,1,9,0.818182,0.684038,False,no1229.jpg|no544.jpg|y1069.jpg|y1136.jpg|y1232.jpg|y1237.jpg|y1435.jpg|y216.jpg|y298.jpg|y541.jpg|y909.jpg
HE_000490,knn,11,3,8,0.272727,0.727273,1,8,0.727273,0.845351,False,no218.jpg|no267.jpg|no637.jpg|y1030.jpg|y1222.jpg|y154.jpg|y402.jpg|y471.jpg|y626.jpg|y678.jpg|y910.jpg
HE_000491,knn,11,4,7,0.363636,0.636364,1,7,0.636364,0.945660,True,no213.jpg|no479.jpg|no672.jpg|no950.jpg|y1087.jpg|y1096.jpg|y124.jpg|y125.jpg|y772.jpg|y870.jpg|y913.jpg
HE_000492,knn,11,5,6,0.454545,0.545455,1,6,0.545455,0.994030,True,no1025.jpg|no547.jpg|no713.jpg|no873.jpg|no930.jpg|y1197.jpg|y1461.jpg|y54.jpg|y698.jpg|y780.jpg|y915.jpg
HE_000493,knn,11,4,7,0.363636,0.636364,1,7,0.636364,0.945660,True,no1040.jpg|no404.jpg|no497.jpg|no959.jpg|y1107.jpg|y1496.jpg|y747.jpg|y77.jpg|y881.jpg|y926.jpg|y982.jpg
HE_000494,knn,11,7,4,0.636364,0.363636,0,7,0.636364,0.945660,True,no1094.jpg|no1130.jpg|no1236.jpg|no1321.jpg|no442.jpg|no507.jpg|no756.jpg|y1020.jpg|y1212.jpg|y214.jpg|y935.jpg
HE_000495,knn,11,3,8,0.272727,0.727273,1,8,0.727273,0.845351,False,no298.jpg|no331.jpg|no809.jpg|y100.jpg|y1063.jpg|y1125.jpg|y1162.jpg|y1242.jpg|y744.jpg|y942.jpg|y979.jpg
HE_000496,knn,11,10,1,0.909091,0.090909,0,10,0.909091,0.439497,False,no1091.jpg|no1119.jpg|no1186.jpg|no162.jpg|no645.jpg|no708.jpg|no821.jpg|no877.jpg|no904.jpg|no976.jpg|y960.jpg
HE_000497,knn,11,1,10,0.090909,0.909091,1,10,0.909091,0.439497,False,no672.jpg|y1015.jpg|y1049.jpg|y1080.jpg|y1087.jpg|y1147.jpg|y1207.jpg|y1213.jpg|y65.jpg|y765.jpg|y961.jpg
HE_000498,knn,11,4,7,0.363636,0.636364,1,7,0.636364,0.945660,True,no120.jpg|no298.jpg|no331.jpg|no809.jpg|y100.jpg|y1063.jpg|y1125.jpg|y1162.jpg|y1242.jpg|y942.jpg|y979.jpg
HE_000499,knn,11,3,8,0.272727,0.727273,1,8,0.727273,0.845351,False,no151.jpg|no497.jpg|no890.jpg|y102.jpg|y110.jpg|y1345.jpg|y747.jpg|y748.jpg|y881.jpg|y926.jpg|y982.jpg
HE_000500,knn,11,1,10,0.090909,0.909091,1,10,0.909091,0.439497,False,no473.jpg|y326.jpg|y334.jpg|y377.jpg|y386.jpg|y427.jpg|y449.jpg|y582.jpg|y686.jpg|y874.jpg|y991.jpg
HE_000501,knn,11,3,8,0.272727,0.727273,1,8,0.727273,0.845351,False,no220.jpg|no245.jpg|no97.jpg|y1078.jpg|y1178.jpg|y327.jpg|y502.jpg|y570.jpg|y6.jpg|y798.jpg|y992.jpg
HE_000502,knn,11,3,8,0.272727,0.727273,1,8,0.727273,0.845351,False,no1491.jpg|no464.jpg|no885.jpg|y1080.jpg|y119.jpg|y1213.jpg|y1335.jpg|y734.jpg|y765.jpg|y90.jpg|y994.jpg
HE_000503,knn,11,2,9,0.181818,0.818182,1,9,0.818182,0.684038,False,no544.jpg|no73.jpg|y1147.jpg|y1168.jpg|y1203.jpg|y1279.jpg|y1435.jpg|y216.jpg|y298.jpg|y541.jpg|y999.jpg
